timestamp,market-cap,total-btc,n-transactions-avg,block-size-avg(MB),market-price
01/04/2019 00:00,72086488250,17620750,377350.7143,1.205358125,4114.16
02/04/2019 00:00,72761547675,17622075,382363.8571,1.215506975,4152.53
03/04/2019 00:00,84565944881,17623412.5,379087.2857,1.248329993,4882.88
04/04/2019 00:00,89025727540,17624737.5,373510.4286,1.2129581,4959.81
05/04/2019 00:00,92598585013,17626075,375978,1.240968854,4911.24
06/04/2019 00:00,87238126325,17627425,373376,1.211691266,5028.77
07/04/2019 00:00,87438662000,17628762.5,368944.4286,1.138896872,5053.52
08/04/2019 00:00,88027089300,17630100,369446.2857,1.218371115,5189.39
09/04/2019 00:00,88077783588,17631425,361526.8571,1.251238629,5268.71
10/04/2019 00:00,90173883500,17632750,366705.5714,1.213674912,5175.81
11/04/2019 00:00,92455520763,17634087.5,373583,1.201692847,5310.18
12/04/2019 00:00,92691728100,17635412.5,372108.2857,1.184258404,5035.02
13/04/2019 00:00,92090224856,17636737.5,373180.7143,1.107431615,5072.85
14/04/2019 00:00,92758570688,17638062.5,371237.7143,1.196266385,5064.62
15/04/2019 00:00,91901208875,17639387.5,372531.4286,1.22713911,5152.51
16/04/2019 00:00,89164981331,17640712.5,374309.4286,1.25263491,5036.18
17/04/2019 00:00,89630824125,17642037.5,367771.7143,1.229380333,5196.65
18/04/2019 00:00,89460669556,17643362.5,364940.1429,1.214882,5220.37
19/04/2019 00:00,88849823906,17644687.5,362848.8571,1.212485171,5276.31
20/04/2019 00:00,91115185544,17646012.5,356100.8571,1.240556481,5277.04
21/04/2019 00:00,88692493356,17647337.5,363773,1.142430407,5309.28
22/04/2019 00:00,88852254288,17648675,358136,1.142223119,5281.83
23/04/2019 00:00,92088875000,17650000,351455.4286,1.255767388,5377.19
24/04/2019 00:00,92996137475,17651350,359104.2857,1.234416043,5518.16
25/04/2019 00:00,93356237844,17652687.5,359262.5714,1.219515846,5434.19
26/04/2019 00:00,92524745025,17654025,361988.4286,1.255490709,5195.61
27/04/2019 00:00,94050049450,17655350,367583.8571,1.170310445,5292.83
28/04/2019 00:00,94119039350,17656700,366520.4286,0.977574344,5280.19
29/04/2019 00:00,92457418900,17658025,369548,1.203267613,5301.29
30/04/2019 00:00,93956771194,17659387.5,374509.8571,1.295070857,5260.65
01/05/2019 00:00,97866838319,17660712.5,379548.4286,1.126911234,5269.79
02/05/2019 00:00,98783775738,17662037.5,389342.2857,1.100861511,5326.67
03/05/2019 00:00,95770887025,17663387.5,389602.7143,1.228199987,5390.16
04/05/2019 00:00,96422833181,17664712.5,389160.1429,1.187771273,5657.14
05/05/2019 00:00,91050757275,17666037.5,381651.7143,1.196308186,5771.08
06/05/2019 00:00,90739573800,17667362.5,383833,1.222187444,5717.66
07/05/2019 00:00,91258770938,17668687.5,381469.7143,1.267977197,5684.47
08/05/2019 00:00,91406974663,17670012.5,374831.4286,1.243073447,5755.72
09/05/2019 00:00,91334372475,17671350,361820.4286,1.258699753,5936.72
10/05/2019 00:00,90917140844,17672687.5,353239.1429,1.259484184,6146.91
11/05/2019 00:00,91648721456,17674037.5,351674.4286,1.240594785,6348.02
12/05/2019 00:00,93918038644,17675362.5,352794.2857,1.234789487,7248.31
13/05/2019 00:00,93713025050,17676700,354501.7143,1.203409635,6978.63
14/05/2019 00:00,94533372375,17678050,359848.4286,1.230687118,7823.11
15/05/2019 00:00,95397974950,17679387.5,356394.1429,1.237726027,7992.69
16/05/2019 00:00,1.00E+11,17680712.5,358321.7143,1.245267137,8206.9
17/05/2019 00:00,1.01E+11,17682062.5,363849,1.261404709,7885.96
18/05/2019 00:00,1.01E+11,17683387.5,365955.7143,1.242334013,7362.22
19/05/2019 00:00,99034390000,17684712.5,367139.7143,1.124021644,7265.05
20/05/2019 00:00,1.01E+11,17686037.5,365876,1.177317634,8193.7
21/05/2019 00:00,1.04E+11,17687362.5,367807.2857,1.258643059,8007.03
22/05/2019 00:00,1.03E+11,17688700,371519.5714,1.201243293,7952.5
23/05/2019 00:00,1.07E+11,17690025,373559.7143,1.226995165,7625.93
24/05/2019 00:00,1.07E+11,17691362.5,375306.5714,1.254131843,7880.29
25/05/2019 00:00,1.11E+11,17692700,372262.8571,1.177713414,8003.26
26/05/2019 00:00,1.19E+11,17694025,376150.4286,1.00135643,8071.45
27/05/2019 00:00,1.28E+11,17695362.5,378722.1429,1.190717216,8744.42
28/05/2019 00:00,1.26E+11,17696725,380084.7143,1.262846012,8770.06
29/05/2019 00:00,1.29E+11,17698062.5,381551.5714,1.224251023,8719.88
30/05/2019 00:00,1.41E+11,17699387.5,379770.2857,1.213646113,8662.98
31/05/2019 00:00,1.37E+11,17700712.5,369072.4286,1.291766803,8272.46
01/06/2019 00:00,1.41E+11,17702050,368171.5714,1.244086252,8553.81
02/06/2019 00:00,1.43E+11,17703387.5,357733.1429,1.200579634,8554.8
03/06/2019 00:00,1.40E+11,17704725,342651,1.256748504,8739.03
04/06/2019 00:00,1.25E+11,17706050,340413.2857,1.253258474,8134.92
05/06/2019 00:00,1.29E+11,17707375,335812.2857,1.239725519,7675.8
06/06/2019 00:00,1.37E+11,17708700,334048.2857,1.158709758,7786.04
07/06/2019 00:00,1.41E+11,17710025,341336,1.187780804,7803.23
08/06/2019 00:00,1.40E+11,17711350,335947,1.143843968,7998.29
09/06/2019 00:00,1.39E+11,17712675,335934.7143,0.927426061,7931.34
10/06/2019 00:00,1.43E+11,17714000,344451.8571,1.150810567,7640.61
11/06/2019 00:00,1.40E+11,17715325,339549.8571,1.258056077,8020.38
12/06/2019 00:00,1.35E+11,17716662.5,333195,1.260088069,7917.58
13/06/2019 00:00,1.38E+11,17717987.5,333173.1429,1.264188841,8173.06
14/06/2019 00:00,1.43E+11,17719312.5,335226.2857,1.290370444,8237.88
15/06/2019 00:00,1.42E+11,17720637.5,340452.7143,1.233728966,8693.6
16/06/2019 00:00,1.43E+11,17721962.5,339643.7143,1.175121715,8859.47
17/06/2019 00:00,1.41E+11,17723287.5,334992.7143,1.233756692,8978.99
18/06/2019 00:00,1.55E+11,17724625,342763.2857,1.236012356,9327.48
19/06/2019 00:00,1.56E+11,17725975,353130.1429,1.159557627,9076.18
20/06/2019 00:00,1.55E+11,17727312.5,348234.4286,1.245132021,9281.7
21/06/2019 00:00,1.53E+11,17728662.5,344428.4286,1.265748887,9531.35
22/06/2019 00:00,1.54E+11,17730000,347731.4286,1.209288709,10209.38
23/06/2019 00:00,1.54E+11,17731325,359850.5714,1.179403409,10668.63
24/06/2019 00:00,1.48E+11,17732650,369460.5714,1.215810192,10814.48
25/06/2019 00:00,1.52E+11,17733975,364680.8571,1.245764247,11017.5
26/06/2019 00:00,1.51E+11,17735300,364479.7143,1.240848794,11766.4
27/06/2019 00:00,1.54E+11,17736637.5,368900.7143,1.233317704,12932.55
28/06/2019 00:00,1.50E+11,17737962.5,378808.2857,1.255488209,11132.85
29/06/2019 00:00,1.40E+11,17739300,379180.7143,1.148651322,12374.35
30/06/2019 00:00,1.36E+11,17740625,372129.7143,1.003498868,11890.38
01/07/2019 00:00,1.38E+11,17741950,364775.4286,1.26303335,10737.73
02/07/2019 00:00,1.39E+11,17743287.5,366493.1429,1.23998631,10578.72
03/07/2019 00:00,1.34E+11,17744625,366197.4286,1.186933564,10805.4
04/07/2019 00:00,1.41E+11,17745950,367576.5714,1.139688042,11984.76
05/07/2019 00:00,1.41E+11,17747300,363485,1.027819063,11160.49
06/07/2019 00:00,1.40E+11,17748625,362341,0.897182388,10955.16
07/07/2019 00:00,1.37E+11,17749962.5,359847,0.956807588,11232.04
08/07/2019 00:00,1.41E+11,17751287.5,365861.8571,1.064795584,11477.01
09/07/2019 00:00,1.41E+11,17752625,364744.5714,1.155262513,12313.08
10/07/2019 00:00,1.41E+11,17753950,353046,1.270236891,12586.78
11/07/2019 00:00,1.45E+11,17755275,346627.7143,1.25302507,12099.9
12/07/2019 00:00,1.44E+11,17756600,344120,1.232422543,11352.87
13/07/2019 00:00,1.46E+11,17757925,337815.8571,1.048582589,11803.97
14/07/2019 00:00,1.50E+11,17759250,336389.2857,0.952888731,11389.1
15/07/2019 00:00,1.54E+11,17760587.5,332124.2857,1.136103938,10186.96
16/07/2019 00:00,1.65E+11,17761912.5,331802.7143,1.098875278,10873.5
17/07/2019 00:00,1.63E+11,17763237.5,333121,1.15372491,9397.72
18/07/2019 00:00,1.65E+11,17764575,331688,1.261034248,9674.28
19/07/2019 00:00,1.63E+11,17765900,322972.5714,1.262904373,10638.56
20/07/2019 00:00,1.63E+11,17767225,325609.2857,1.047570593,10535.75
21/07/2019 00:00,1.62E+11,17768550,322844.5714,0.887190201,10764.9
22/07/2019 00:00,1.65E+11,17769875,318600,1.004485468,10587.41
23/07/2019 00:00,1.72E+11,17771200,312459.2857,1.103765105,10323.62
24/07/2019 00:00,1.85E+11,17772525,308273.1429,1.107293878,9844.3
25/07/2019 00:00,1.89E+11,17773850,311243.2857,1.133330787,9772.17
26/07/2019 00:00,1.89E+11,17775175,314060.5714,0.957042542,9875.17
27/07/2019 00:00,1.93E+11,17776512.5,308473.4286,0.858096651,9848.65
28/07/2019 00:00,1.93E+11,17777837.5,306907.7143,0.70364656,9473.99
29/07/2019 00:00,2.02E+11,17779187.5,308939.1429,0.960283161,9530
30/07/2019 00:00,2.09E+11,17780512.5,310085.2857,1.168352,9501.33
31/07/2019 00:00,2.28E+11,17781837.5,319477.8571,1.007365485,9589.13
01/08/2019 00:00,2.19E+11,17783162.5,319393.1429,1.150850859,10084.7
02/08/2019 00:00,2.03E+11,17784500,323670.8571,1.033215941,10407.17
03/08/2019 00:00,2.11E+11,17785825,329913.1429,0.847532514,10529.55
04/08/2019 00:00,2.10E+11,17787150,333603.2857,0.825016581,10814.57
05/08/2019 00:00,2.14E+11,17788487.5,334391.4286,1.179503441,10980.23
06/08/2019 00:00,1.98E+11,17789812.5,340101.8571,1.145295174,11787.99
07/08/2019 00:00,1.96E+11,17791137.5,341469.2857,1.134389882,11465.67
08/08/2019 00:00,1.82E+11,17792462.5,341503.2857,1.239356866,11960.82
09/08/2019 00:00,1.92E+11,17793787.5,340298.8571,1.156579728,11996.41
10/08/2019 00:00,1.97E+11,17795112.5,336948.8571,0.910549139,11856.64
11/08/2019 00:00,2.12E+11,17796450,333302.4286,0.791410216,11282.22
12/08/2019 00:00,2.10E+11,17797775,327346.7143,1.035999226,11566.84
13/08/2019 00:00,1.98E+11,17799100,327689.4286,1.189568873,11386.26
14/08/2019 00:00,1.98E+11,17800425,326130.5714,1.13971277,10858.12
15/08/2019 00:00,2.02E+11,17801762.5,328911,1.06614658,10016.96
16/08/2019 00:00,1.98E+11,17803087.5,326411,1.035984741,10302.17
17/08/2019 00:00,2.03E+11,17804412.5,324142.1429,0.996770289,10359.44
18/08/2019 00:00,2.04E+11,17805762.5,324582.8571,0.949509167,10214.52
19/08/2019 00:00,2.19E+11,17807100,329301,0.93890562,10317.6
20/08/2019 00:00,2.20E+11,17808437.5,323952,1.077213275,10917.26
21/08/2019 00:00,2.32E+11,17809762.5,316639.2857,1.188414015,10760.56
22/08/2019 00:00,2.04E+11,17811087.5,311897.7143,1.241886241,10129.4
23/08/2019 00:00,2.04E+11,17812425,314268.4286,1.095520869,10111.98
24/08/2019 00:00,2.07E+11,17813762.5,316586.2857,0.977127281,10405.81
25/08/2019 00:00,2.02E+11,17815087.5,318381.8571,0.804201897,10143.8
26/08/2019 00:00,2.02E+11,17816412.5,316631.2857,1.170414139,10135.06
27/08/2019 00:00,1.86E+11,17817737.5,315585.5714,1.159739378,10360.28
28/08/2019 00:00,1.87E+11,17819062.5,320213,1.038467139,10171.95
29/08/2019 00:00,1.92E+11,17820387.5,323681.7143,0.995517388,9717.82
30/08/2019 00:00,1.70E+11,17821725,324964.5714,1.0054113,9484.55
31/08/2019 00:00,1.74E+11,17823062.5,330352.2857,0.874326187,9577.99
01/09/2019 00:00,1.84E+11,17824387.5,329857.1429,0.885620448,9600.9
02/09/2019 00:00,1.88E+11,17825712.5,331147,1.055764356,9769.79
03/09/2019 00:00,1.87E+11,17827037.5,337525.1429,1.088154232,10386.64
04/09/2019 00:00,1.95E+11,17828375,335173.8571,1.177994235,10621.29
05/09/2019 00:00,1.88E+11,17829700,335984.7143,1.020782558,10584.16
06/09/2019 00:00,1.89E+11,17831025,338317.7143,1.091438715,10577.8
07/09/2019 00:00,1.84E+11,17832362.5,334351.1429,0.92503502,10317.47
08/09/2019 00:00,1.78E+11,17833700,334785.2857,0.70717213,10487.21
09/09/2019 00:00,1.74E+11,17835025,333300.1429,1.089865103,10406.31
10/09/2019 00:00,1.80E+11,17836362.5,328904,0.957443978,10313.66
11/09/2019 00:00,1.76E+11,17837687.5,330837.5714,0.953451777,10101.03
12/09/2019 00:00,1.74E+11,17839012.5,328474.4286,0.979857646,10159.32
13/09/2019 00:00,1.81E+11,17840337.5,320378,1.069618267,10420.16
14/09/2019 00:00,1.68E+11,17841662.5,318301.5714,0.903661329,10363.9
15/09/2019 00:00,1.70E+11,17842987.5,316250,0.867850374,10361.33
16/09/2019 00:00,1.72E+11,17844325,320605.5714,1.054939294,10310.43
17/09/2019 00:00,1.70E+11,17845650,321165.5714,1.157712412,10265.63
18/09/2019 00:00,1.70E+11,17847000,324724,1.069905448,10190.36
19/09/2019 00:00,1.74E+11,17848325,326187.1429,1.104391142,10157.59
20/09/2019 00:00,1.79E+11,17849650,330769,1.040262013,10275.88
21/09/2019 00:00,1.78E+11,17850975,335928.8571,0.884734271,10173.11
22/09/2019 00:00,1.87E+11,17852312.5,342295.5714,0.850795608,9979.49
23/09/2019 00:00,1.87E+11,17853637.5,333839.5714,1.243719526,10033.05
24/09/2019 00:00,1.91E+11,17854962.5,335194.5714,1.163618121,9683.38
25/09/2019 00:00,1.94E+11,17856300,332989.1429,1.10453434,8553.61
26/09/2019 00:00,1.96E+11,17857637.5,334369.8571,0.970737503,8432.23
27/09/2019 00:00,2.10E+11,17858987.5,329080.4286,1.0954235,8055.64
28/09/2019 00:00,2.08E+11,17860325,325997.5714,0.887235503,8193.9
29/09/2019 00:00,2.09E+11,17861650,321258.8571,0.899054971,8225
30/09/2019 00:00,2.08E+11,17862987.5,324579.8571,1.150525392,8056.74
01/10/2019 00:00,2.12E+11,17864312.5,322291.4286,1.120068028,8307.74
02/10/2019 00:00,2.11E+11,17865637.5,319264.2857,1.005967926,8322.92
03/10/2019 00:00,2.10E+11,17866987.5,315084.1429,1.038093102,8382.03
04/10/2019 00:00,2.02E+11,17868312.5,319844,1.086928381,8236.17
05/10/2019 00:00,2.03E+11,17869637.5,321594,0.885488658,8155.48
06/10/2019 00:00,2.03E+11,17870975,320461.2857,0.813034282,8147.69
07/10/2019 00:00,2.04E+11,17872300,322948,1.005810123,7869.74
08/10/2019 00:00,2.03E+11,17873637.5,322820.8571,0.966500944,8212.02
09/10/2019 00:00,1.94E+11,17874987.5,320605.4286,1.032391138,8190
10/10/2019 00:00,1.84E+11,17876325,323253.1429,0.968209895,8587.92
11/10/2019 00:00,1.76E+11,17877650,324425,1.017074673,8586.9
12/10/2019 00:00,1.85E+11,17878987.5,320855,0.971500256,8269.73
13/10/2019 00:00,1.86E+11,17880337.5,321122.7143,0.817165204,8308.01
14/10/2019 00:00,1.85E+11,17881675,317646,1.059371319,8283.76
15/10/2019 00:00,1.86E+11,17883000,318123.7143,0.99594732,8353.54
16/10/2019 00:00,1.86E+11,17884325,322041.4286,1.116763881,8162.16
17/10/2019 00:00,1.91E+11,17885675,320478.1429,1.09859798,8002.51
18/10/2019 00:00,1.90E+11,17887000,319616,0.9423605,8076.78
19/10/2019 00:00,1.82E+11,17888337.5,320050.7143,0.968948148,7954.15
20/10/2019 00:00,1.75E+11,17889675,321523.4286,0.84529661,7960.04
21/10/2019 00:00,1.82E+11,17891000,328284.1429,1.00909334,8231.06
22/10/2019 00:00,1.86E+11,17892337.5,328536.4286,0.959074254,8222.52
23/10/2019 00:00,1.85E+11,17893675,330086,0.978411524,8026.76
24/10/2019 00:00,1.79E+11,17895000,325762.8571,1.091473233,7469.56
25/10/2019 00:00,1.80E+11,17896325,324221.1429,1.190200377,7431.88
26/10/2019 00:00,1.85E+11,17897662.5,324362,1.225023579,8666.79
27/10/2019 00:00,1.84E+11,17898987.5,319570.1429,1.102331948,9259.8
28/10/2019 00:00,1.81E+11,17900325,313544.4286,1.200985948,9551.54
29/10/2019 00:00,1.82E+11,17901650,308757.1429,1.159250707,9218.76
30/10/2019 00:00,1.70E+11,17902975,303734.7143,1.099223104,9433.35
31/10/2019 00:00,1.70E+11,17904312.5,302297,1.080918621,9164.62
01/11/2019 00:00,1.71E+11,17905650,300524,1.241092908,9147.98
02/11/2019 00:00,1.72E+11,17906975,297484.1429,0.989604157,9252.99
03/11/2019 00:00,1.72E+11,17908312.5,302929,0.969651877,9301.18
03/11/2019 23:00,1.71E+11,17909637.5,303124.4286,1.165071561,9206.16
04/11/2019 23:00,1.75E+11,17910962.5,306679.5714,1.137513597,9418.05
05/11/2019 23:00,1.85E+11,17912325,306756,1.273832242,9310.19
06/11/2019 23:00,1.91E+11,17913662.5,311142.8571,1.178781985,9343.34
07/11/2019 23:00,1.89E+11,17914987.5,310464.8571,1.165534266,9204.24
08/11/2019 23:00,1.90E+11,17916312.5,313567.7143,1.062813049,8766.04
09/11/2019 23:00,1.89E+11,17917650,314331.2857,0.829142916,8809.41
10/11/2019 23:00,1.93E+11,17918975,316578.1429,1.00362904,9037.12
11/11/2019 23:00,1.85E+11,17920300,312084.2857,1.034111785,8717.81
12/11/2019 23:00,1.89E+11,17921637.5,312691,1.155403252,8801.52
13/11/2019 23:00,1.87E+11,17922962.5,316339,0.981337769,8762.42
14/11/2019 23:00,1.86E+11,17924300,318296.7143,1.113353424,8632.32
15/11/2019 23:00,1.85E+11,17925625,315054.5714,1.171504054,8457.69
16/11/2019 23:00,1.84E+11,17926950,310005.7143,1.108507481,8482.7
17/11/2019 23:00,1.82E+11,17928275,306857.7143,1.019047664,8503.93
18/11/2019 23:00,1.80E+11,17929625,310607.4286,1.143817435,8175.99
19/11/2019 23:00,1.80E+11,17930950,310913.2857,1.025924303,8120.8
20/11/2019 23:00,1.88E+11,17932275,307189.1429,1.214479803,8081.81
21/11/2019 23:00,1.85E+11,17933600,305102.5714,1.250728333,7617.07
22/11/2019 23:00,1.86E+11,17934925,308382,0.841518728,7286.35
23/11/2019 23:00,1.86E+11,17936262.5,308810.2857,0.875593328,7324.03
24/11/2019 23:00,1.85E+11,17937587.5,305210.1429,1.076081424,6907.4
25/11/2019 23:00,1.85E+11,17938937.5,304307.2857,1.254087262,7130.25
26/11/2019 23:00,1.83E+11,17940262.5,303808.8571,1.185653101,7163.63
27/11/2019 23:00,1.84E+11,17941587.5,301761.5714,0.873442442,7523.83
28/11/2019 23:00,1.83E+11,17942912.5,301868.8571,1.055517757,7431
29/11/2019 23:00,1.83E+11,17944237.5,297730.8571,1.070562587,7757.47
30/11/2019 23:00,1.80E+11,17945575,298767,0.870622964,7557.72
01/12/2019 23:00,1.82E+11,17946912.5,303804.1429,1.019306228,7402.69
02/12/2019 23:00,1.82E+11,17948237.5,305975.8571,0.961583019,7309.59
03/12/2019 23:00,1.80E+11,17949562.5,308788.2857,0.934351653,7296.77
04/12/2019 23:00,1.80E+11,17950900,309051.8571,1.018665179,7192.85
05/12/2019 23:00,1.79E+11,17952225,309637,1.059103821,7395.97
06/12/2019 23:00,1.75E+11,17953562.5,310755,0.865809871,7547.19
07/12/2019 23:00,1.54E+11,17954912.5,311359.5714,0.83522775,7504.83
08/12/2019 23:00,1.51E+11,17956237.5,311202.2857,1.089033696,7522.39
09/12/2019 23:00,1.51E+11,17957587.5,308852.5714,1.106342622,7337.42
10/12/2019 23:00,1.42E+11,17958925,302276,1.195490902,7220.76
11/12/2019 23:00,1.44E+11,17960250,302322.7143,1.095938008,7202.31
12/12/2019 23:00,1.47E+11,17961587.5,303394.4286,0.990434309,7189.16
13/12/2019 23:00,1.46E+11,17962912.5,304567.5714,0.902877417,7251.87
14/12/2019 23:00,1.43E+11,17964237.5,302365.8571,1.12013029,7067.74
15/12/2019 23:00,1.45E+11,17965587.5,304288.1429,1.038496834,7111.14
16/12/2019 23:00,1.51E+11,17966912.5,304172.4286,1.314409858,6879.54
17/12/2019 23:00,1.49E+11,17968237.5,307458.2857,1.152717164,6612.12
18/12/2019 23:00,1.49E+11,17969587.5,308566.8571,1.013370414,7284.29
19/12/2019 23:00,1.49E+11,17970912.5,309962.4286,0.961809929,7150.86
20/12/2019 23:00,1.46E+11,17972237.5,312479.8571,0.756153597,7190.17
21/12/2019 23:00,1.47E+11,17973562.5,314998.2857,0.740650195,7143.2
22/12/2019 23:00,1.45E+11,17974900,311821.1429,1.037491643,7514.41
23/12/2019 23:00,1.45E+11,17976225,307704.2857,1.111658016,7322.08
24/12/2019 23:00,1.41E+11,17977575,297763.8571,0.889324688,7250.69
25/12/2019 23:00,1.47E+11,17978900,294407.8571,0.837857802,7192.72
26/12/2019 23:00,1.48E+11,17980225,292914.5714,1.017240097,7194.4
27/12/2019 23:00,1.47E+11,17981562.5,291081.5714,0.889533174,7243.93
28/12/2019 23:00,1.55E+11,17982887.5,290918,0.787269123,7301.07
29/12/2019 23:00,1.53E+11,17984225,293725.4286,0.944622572,7385.36
30/12/2019 23:00,1.54E+11,17985550,294155.5714,0.982280848,7219.6
31/12/2019 23:00,1.50E+11,17986900,295165.4286,0.643639402,7168.31
01/01/2020 23:00,1.50E+11,17988225,295094.5714,1.012365064,7175.68
02/01/2020 23:00,1.50E+11,17989550,294282.1429,0.910629562,6944.33
03/01/2020 23:00,1.49E+11,17990887.5,292700.4286,0.79468356,7326.35
04/01/2020 23:00,1.50E+11,17992237.5,293822.4286,0.790838368,7347.89
05/01/2020 23:00,1.49E+11,17993562.5,290200.8571,1.12761063,7351.57
06/01/2020 23:00,1.46E+11,17994900,297434,0.948405778,7759.24
07/01/2020 23:00,1.43E+11,17996225,306903.1429,1.063490894,8165.47
08/01/2020 23:00,1.45E+11,17997562.5,310687.4286,1.044869879,8042.65
09/01/2020 23:00,1.42E+11,17998912.5,312718.4286,1.120475946,7817.92
10/01/2020 23:00,1.43E+11,18000250,315840.5714,0.843840724,8184.66
11/01/2020 23:00,1.43E+11,18001575,315177.2857,0.825020881,8021.49
12/01/2020 23:00,1.45E+11,18002912.5,314098.8571,0.981562832,8173.97
13/01/2020 23:00,1.48E+11,18004262.5,314509.4286,1.21966529,8105.24
14/01/2020 23:00,1.48E+11,18005587.5,316600.7143,1.065171907,8842.42
15/01/2020 23:00,1.48E+11,18006912.5,317156.4286,0.983502176,8813.89
16/01/2020 23:00,1.43E+11,18008237.5,316193.2857,0.968857566,8722.03
17/01/2020 23:00,1.35E+11,18009587.5,313074.2857,0.955057818,8900.34
18/01/2020 23:00,1.34E+11,18010912.5,313192,0.874760193,8910.85
19/01/2020 23:00,1.37E+11,18012237.5,316344,0.991580941,8703.36
20/01/2020 23:00,1.73E+11,18013562.5,311809.2857,0.999786242,8626.47
21/01/2020 23:00,1.66E+11,18014887.5,311227.5714,1.058771763,8722.26
22/01/2020 23:00,1.74E+11,18016212.5,311794.8571,1.039634667,8658.94
23/01/2020 23:00,1.69E+11,18017537.5,310351.2857,1.032869612,8388.11
24/01/2020 23:00,1.70E+11,18018862.5,310115.1429,0.853311744,8428.17
25/01/2020 23:00,1.66E+11,18020187.5,306870.4286,0.825554923,8327.36
26/01/2020 23:00,1.65E+11,18021525,301953.1429,1.055952767,8588.42
27/01/2020 23:00,1.67E+11,18022850,305502,1.204786908,8895.78
28/01/2020 23:00,1.65E+11,18024187.5,307212.8571,1.004575063,9385.69
29/01/2020 23:00,1.67E+11,18025512.5,307590,1.007421212,9279.81
30/01/2020 23:00,1.67E+11,18026862.5,310525.2857,1.109039125,9502.37
31/01/2020 23:00,1.65E+11,18028187.5,313116.7143,0.962483086,9333.77
01/02/2020 23:00,1.71E+11,18029525,317349.8571,1.012892266,9378.09
02/02/2020 23:00,1.68E+11,18030862.5,324745.8571,1.190776919,9314.56
03/02/2020 23:00,1.69E+11,18032187.5,320337,1.194789614,9284.51
04/02/2020 23:00,1.68E+11,18033512.5,324343,1.084759063,9162.14
05/02/2020 23:00,1.66E+11,18034837.5,321887.5714,1.136838644,9614.9
06/02/2020 23:00,1.58E+11,18036162.5,321959.5714,1.28319559,9755.66
07/02/2020 23:00,1.60E+11,18037487.5,324050.8571,1.116522115,9807.54
08/02/2020 23:00,1.60E+11,18038812.5,327792.4286,0.951914072,9907.12
09/02/2020 23:00,1.64E+11,18040150,323091.2857,1.199867254,10162.41
10/02/2020 23:00,1.57E+11,18041475,331147.4286,1.25871225,9854.79
11/02/2020 23:00,1.58E+11,18042800,327720.4286,1.1479745,10275.38
12/02/2020 23:00,1.57E+11,18044125,331250.5714,1.229481901,10354.3
13/02/2020 23:00,1.58E+11,18045450,329984.8571,1.090330081,10242.43
14/02/2020 23:00,1.55E+11,18046787.5,330607.4286,1.09961007,10368.53
15/02/2020 23:00,1.54E+11,18048125,327059.7143,0.93476688,9904.17
16/02/2020 23:00,1.53E+11,18049450,333257.8571,1.024710815,9937.67
17/02/2020 23:00,1.53E+11,18050775,328324.5714,1.122872727,9703.93
18/02/2020 23:00,1.53E+11,18052100,326923.1429,1.166272348,10180.65
19/02/2020 23:00,1.54E+11,18053425,323572.4286,1.2488265,9604.72
20/02/2020 23:00,1.52E+11,18054750,325344.7143,1.067097604,9606.86
21/02/2020 23:00,1.46E+11,18056100,322755.5714,0.94437023,9696.58
22/02/2020 23:00,1.46E+11,18057425,321804.5714,0.909322887,9669.63
23/02/2020 23:00,1.46E+11,18058762.5,320004.4286,1.141280163,9989.39
24/02/2020 23:00,1.37E+11,18060087.5,320510.5714,1.064563583,9663.75
25/02/2020 23:00,1.25E+11,18061425,319819.4286,1.163531007,9309.15
26/02/2020 23:00,1.31E+11,18062762.5,322984.4286,1.102625776,8785.52
27/02/2020 23:00,1.32E+11,18064100,327285.2857,1.082665158,8804.72
28/02/2020 23:00,1.27E+11,18065425,327703.8571,0.989318216,8712.35
29/02/2020 23:00,1.23E+11,18066750,331171,0.829612881,8531.42
01/03/2020 23:00,1.29E+11,18068087.5,333161.1429,1.116271678,8534.17
02/03/2020 23:00,1.28E+11,18069412.5,334265.5714,1.144225732,8912.82
03/03/2020 23:00,1.36E+11,18070737.5,338376.7143,1.226066102,8754.34
04/03/2020 23:00,1.35E+11,18072075,339912.1429,0.999121178,8758.9
05/03/2020 23:00,1.36E+11,18073412.5,335596.8571,1.073488897,9067.39
06/03/2020 23:00,1.40E+11,18074787.5,336423.2857,0.90962293,9155.89
07/03/2020 23:00,1.36E+11,18076112.5,335401.1429,0.869396677,8898.63
09/03/2020 00:00,1.32E+11,18077437.5,336171.1429,1.14787998,8039.38
10/03/2020 00:00,1.32E+11,18078762.5,334367.4286,1.299547803,7931.94
11/03/2020 00:00,1.32E+11,18080087.5,324188.4286,1.20830879,7885.46
12/03/2020 00:00,1.32E+11,18081412.5,324252.5714,1.235116702,7936.65
13/03/2020 00:00,1.36E+11,18082750,315454.7143,1.296698272,4830.21
14/03/2020 00:00,1.32E+11,18084075,310671.2857,1.274480383,5609.03
15/03/2020 00:00,1.33E+11,18085400,299319.2857,1.113644857,5166.26
16/03/2020 00:00,1.34E+11,18086725,288203.2857,1.193453008,5348.44
17/03/2020 00:00,1.36E+11,18088075,280864.4286,1.231597098,5026.35
18/03/2020 00:00,1.35E+11,18089400,272830.4286,1.16499282,5357.61
19/03/2020 00:00,1.36E+11,18090725,260789.1429,1.306641869,5410.23
20/03/2020 00:00,1.35E+11,18092050,261902.8571,1.264478073,6195.2
21/03/2020 00:00,1.33E+11,18093375,257055.4286,1.108333782,6226.44
22/03/2020 00:00,1.31E+11,18094700,255044.5714,0.843088583,6189.85
23/03/2020 00:00,1.30E+11,18096025,253532.7143,1.160538375,5822.62
24/03/2020 00:00,1.30E+11,18097350,253504.8571,1.170288614,6502.16
25/03/2020 00:00,1.30E+11,18098675,251636.5714,1.125291511,6768.49
26/03/2020 00:00,1.31E+11,18100012.5,255513.5714,1.135452525,6698.46
27/03/2020 00:00,1.29E+11,18101337.5,254363.8571,1.110375026,6763.75
28/03/2020 00:00,1.28E+11,18102675,253611.1429,0.910426519,6369.09
29/03/2020 00:00,1.28E+11,18104012.5,256992,0.769856338,6260.95
30/03/2020 00:00,1.24E+11,18105337.5,259422.2857,1.055633204,5885.41
31/03/2020 00:00,1.22E+11,18106662.5,261150.2857,1.025871107,6405.29
01/04/2020 00:00,1.20E+11,18107987.5,270247.2857,1.11369449,6428.28
02/04/2020 00:00,1.29E+11,18109325,271154.1429,1.115204471,6652.87
03/04/2020 00:00,1.29E+11,18110675,271470.8571,1.148502318,6809.11
04/04/2020 00:00,1.30E+11,18112000,273277.5714,1.077272732,6741.67
05/04/2020 00:00,1.29E+11,18113325,274340.2857,0.769681286,6871.69
06/04/2020 00:00,1.29E+11,18114650,274860.5714,1.164635859,6777.44
07/04/2020 00:00,1.30E+11,18115975,278081,1.137403304,7343.2
08/04/2020 00:00,1.38E+11,18117300,278753.5714,1.116311861,7205.55
09/04/2020 00:00,1.34E+11,18118637.5,276972.1429,1.069383357,7365.03
10/04/2020 00:00,1.32E+11,18119962.5,278375.2857,0.900077294,7293.69
11/04/2020 00:00,1.31E+11,18121287.5,277600.7143,0.784763679,6873.24
12/04/2020 00:00,1.31E+11,18122625,275925,0.80040198,6891.6
13/04/2020 00:00,1.31E+11,18123975,277016.8571,0.929310292,6915.37
14/04/2020 00:00,1.31E+11,18125325,275105.5714,0.988374018,6857.66
15/04/2020 00:00,1.32E+11,18126650,278489.8571,1.176886651,6871.95
16/04/2020 00:00,1.32E+11,18127975,283660.8571,1.111490403,6623.8
17/04/2020 00:00,1.34E+11,18129300,283037.5714,1.286230614,7112.27
18/04/2020 00:00,1.33E+11,18130625,288935,1.150726076,7034.89
19/04/2020 00:00,1.31E+11,18131962.5,292285.7143,0.97585277,7259.36
20/04/2020 00:00,1.30E+11,18133287.5,295528.1429,1.049269988,7130.04
21/04/2020 00:00,1.31E+11,18134625,297165.2857,1.068249134,6840.24
22/04/2020 00:00,1.30E+11,18135950,292665.5714,1.031391221,6852.52
23/04/2020 00:00,1.26E+11,18137275,293543,1.287894373,7130.99
24/04/2020 00:00,1.33E+11,18138625,298662,1.273850389,7477.6
25/04/2020 00:00,1.33E+11,18139950,297472.1429,1.239612485,7507.08
26/04/2020 00:00,1.32E+11,18141275,297593.4286,1.072414613,7549.52
27/04/2020 00:00,1.35E+11,18142612.5,297651.5714,1.179406794,7699.27
28/04/2020 00:00,1.34E+11,18143950,299455,1.215701039,7790.66
29/04/2020 00:00,1.37E+11,18145275,306975.8571,1.195938752,7765.33
30/04/2020 00:00,1.43E+11,18146612.5,305965.4286,1.268807178,8777.63
01/05/2020 00:00,1.50E+11,18147937.5,308896.7143,1.250539879,8628.77
02/05/2020 00:00,1.46E+11,18149262.5,309749.2857,1.341512074,8824.66
03/05/2020 00:00,1.44E+11,18150587.5,313880.5714,1.19645581,8973.82
04/05/2020 00:00,1.41E+11,18151912.5,316006.4286,1.086099006,8903.95
05/05/2020 00:00,1.47E+11,18153262.5,316806.4286,1.204144266,8885.93
06/05/2020 00:00,1.46E+11,18154600,317091.2857,1.210363383,9030.96
07/05/2020 00:00,1.47E+11,18155925,319950.4286,1.31399202,9170.79
08/05/2020 00:00,1.49E+11,18157262.5,317529.1429,1.274328599,10002.48
09/05/2020 00:00,1.47E+11,18158587.5,321190,1.292073691,9821.8
10/05/2020 00:00,1.55E+11,18159912.5,321909.5714,1.246688794,9527.39
11/05/2020 00:00,1.57E+11,18161237.5,319015.4286,1.283646981,8754.46
12/05/2020 00:00,1.60E+11,18162562.5,321321.1429,1.279955788,8617.25
13/05/2020 00:00,1.58E+11,18163887.5,316092.7143,1.296750555,8814.53
14/05/2020 00:00,1.60E+11,18165212.5,305630.4286,1.323246377,9305.93
15/05/2020 00:00,1.62E+11,18166537.5,303775.7143,1.272443528,9790.31
16/05/2020 00:00,1.61E+11,18167862.5,301512.2857,1.262686357,9303.59
17/05/2020 00:00,1.57E+11,18169187.5,294372.1429,1.327792324,9385.7
18/05/2020 00:00,1.57E+11,18170550,289784.1429,1.352731383,9669.4
19/05/2020 00:00,1.57E+11,18172375,279738.7143,1.333283061,9719.37
20/05/2020 00:00,1.59E+11,18174550,277344.5714,1.327850148,9785.74
21/05/2020 00:00,1.57E+11,18175875,281592.1429,1.295657931,9510.67
22/05/2020 00:00,1.52E+11,18177200,277041,1.297051252,9057.57
23/05/2020 00:00,1.51E+11,18178550,273137.4286,1.278850555,9167.26
24/05/2020 00:00,1.53E+11,18179887.5,269954.8571,1.41277356,9178.32
25/05/2020 00:00,1.51E+11,18181212.5,268833.7143,1.2793314,8730.73
26/05/2020 00:00,1.52E+11,18182537.5,271817.2857,1.307555581,8899.66
27/05/2020 00:00,1.57E+11,18183875,273658.7143,1.34352729,8842.85
28/05/2020 00:00,1.63E+11,18185200,273862.5714,1.281801489,9197.54
29/05/2020 00:00,1.64E+11,18186525,274173.4286,1.270912551,9569.21
30/05/2020 00:00,1.70E+11,18187850,276575.7143,1.245524103,9425.98
31/05/2020 00:00,1.68E+11,18189175,282846.7143,1.05190532,9698.1
01/06/2020 00:00,1.70E+11,18190512.5,288909.1429,1.269376455,9450.84
02/06/2020 00:00,1.70E+11,18191850,290099.4286,1.283667217,10204.23
03/06/2020 00:00,1.72E+11,18193175,293109.8571,1.282827432,9525.57
04/06/2020 00:00,1.70E+11,18194500,295734.8571,1.236471563,9658.04
05/06/2020 00:00,1.72E+11,18195825,302323.7143,1.042586804,9794.56
06/06/2020 00:00,1.71E+11,18197150,302156.1429,0.793185082,9623.75
07/06/2020 00:00,1.70E+11,18198475,301290.5714,0.861702465,9670.43
08/06/2020 00:00,1.66E+11,18199800,302571,1.151651278,9753.85
09/06/2020 00:00,1.72E+11,18201137.5,305851,1.176594881,9782.59
10/06/2020 00:00,1.75E+11,18202475,307445.7143,1.080857506,9775.15
11/06/2020 00:00,1.78E+11,18203812.5,309475,1.382471195,9892.13
12/06/2020 00:00,1.78E+11,18205137.5,308216.7143,1.355473221,9286.42
13/06/2020 00:00,1.79E+11,18206462.5,307546.4286,1.067535646,9459.97
14/06/2020 00:00,1.85E+11,18207800,310882.8571,0.825322441,9473.5
15/06/2020 00:00,1.86E+11,18209137.5,307624.7143,1.129341761,9330.07
16/06/2020 00:00,1.80E+11,18210475,309545.1429,1.22310094,9426.7
17/06/2020 00:00,1.86E+11,18211800,310742.8571,1.271521826,9526
18/06/2020 00:00,1.88E+11,18213137.5,303801,1.249730742,9454.81
19/06/2020 00:00,1.90E+11,18214462.5,307496.4286,1.284985049,9380.03
20/06/2020 00:00,1.86E+11,18215787.5,308059.5714,1.107477416,9300.15
21/06/2020 00:00,1.87E+11,18217125,305733.4286,0.981158459,9357.43
22/06/2020 00:00,1.87E+11,18218450,306723.1429,1.103866923,9284.78
23/06/2020 00:00,1.82E+11,18219775,308828.7143,1.304964854,9691.9
24/06/2020 00:00,1.78E+11,18221100,305796.4286,1.288159849,9621.49
25/06/2020 00:00,1.75E+11,18222425,309837.2857,1.253759667,9276.58
26/06/2020 00:00,1.78E+11,18223787.5,307871.4286,1.186091189,9240.85
27/06/2020 00:00,1.85E+11,18225112.5,306638,1.105369536,9154.45
28/06/2020 00:00,1.86E+11,18226450,307419.2857,0.9017818,9004.23
29/06/2020 00:00,1.75E+11,18227775,309423.2857,1.248924407,9127.47
30/06/2020 00:00,1.77E+11,18229100,301491.4286,1.189839531,9185.35
01/07/2020 00:00,1.77E+11,18230425,311527,1.295763333,9133.97
02/07/2020 00:00,1.76E+11,18231750,315425,1.133437396,9236.38
03/07/2020 00:00,1.80E+11,18233075,315514.7143,1.198966086,9087.98
04/07/2020 00:00,1.78E+11,18234400,317394.4286,1.037606389,9072.42
05/07/2020 00:00,1.76E+11,18235725,318708,0.921691712,9131.31
06/07/2020 00:00,1.70E+11,18237075,322042.7143,1.227644104,9089.09
07/07/2020 00:00,1.68E+11,18238400,328648.7143,1.103862236,9348.91
08/07/2020 00:00,1.60E+11,18239725,323632.2857,1.247866834,9256.23
09/07/2020 00:00,1.60E+11,18241050,326953.5714,1.267096006,9440.07
10/07/2020 00:00,1.58E+11,18242375,329094.5714,1.208174025,9238.04
11/07/2020 00:00,1.60E+11,18243700,331683.7143,1.091070692,9287.4
12/07/2020 00:00,1.58E+11,18245025,332863.7143,0.979820947,9235.96
13/07/2020 00:00,1.56E+11,18246350,328786.5714,1.143550707,9295.9
14/07/2020 00:00,1.58E+11,18247687.5,330768.2857,1.259092438,9238.13
15/07/2020 00:00,1.61E+11,18249012.5,326283.8571,1.313624087,9254.52
16/07/2020 00:00,1.59E+11,18250337.5,323874,1.276772463,9193.51
17/07/2020 00:00,1.60E+11,18251675,316432.7143,1.264411822,9131
18/07/2020 00:00,1.62E+11,18253012.5,317040,1.276202185,9154.19
19/07/2020 00:00,1.66E+11,18254337.5,316287,1.332783611,9174.71
20/07/2020 00:00,1.67E+11,18255675,316218.4286,1.287877816,9214.66
21/07/2020 00:00,1.67E+11,18257000,309507.5714,1.290345384,9163.87
22/07/2020 00:00,1.64E+11,18258337.5,316468.7143,1.260738632,9392.66
23/07/2020 00:00,1.60E+11,18259662.5,315096.7143,1.293743603,9537.4
24/07/2020 00:00,1.47E+11,18261000,325886,1.314238963,9613.11
25/07/2020 00:00,1.43E+11,18262325,323437.5714,1.370815563,9551.28
26/07/2020 00:00,1.48E+11,18263650,326507.1429,1.343587361,9707.5
27/07/2020 00:00,1.43E+11,18264975,328938.8571,1.28513553,9938.83
28/07/2020 00:00,1.39E+11,18266312.5,334920.4286,1.280557683,11042.4
29/07/2020 00:00,84469613600,18267650,332310.2857,1.283028885,10934.94
30/07/2020 00:00,97760019183,18268987.5,331102.2857,1.287137022,11102.67
31/07/2020 00:00,97882190865,18270325,329312.8571,1.299889137,11114.93
01/08/2020 00:00,96657028500,18271650,329716,1.287825234,11343.88
02/08/2020 00:00,88459471975,18272975,328185.8571,1.353125277,11823.69
03/08/2020 00:00,95528968594,18274312.5,329183.5714,1.326875364,11077.77
04/08/2020 00:00,98714934152,18275637.5,325510.7143,1.310942876,11242.57
05/08/2020 00:00,98768705350,18276962.5,317695.4286,1.267972853,11194.25
06/08/2020 00:00,1.19E+11,18278287.5,321813,1.277008282,11750.28
07/08/2020 00:00,1.14E+11,18279625,317469.1429,1.301960691,11772.94
08/08/2020 00:00,1.13E+11,18280950,315601.4286,1.327259739,11605.6
09/08/2020 00:00,1.08E+11,18282275,312820.4286,1.250962391,11767.6
10/08/2020 00:00,1.18E+11,18283600,309193.8571,1.249095445,11684.06
11/08/2020 00:00,1.22E+11,18284925,312182.4286,1.285126143,11893.03
12/08/2020 00:00,1.21E+11,18286262.5,319981.1429,1.300253535,11392.43
13/08/2020 00:00,1.21E+11,18287587.5,315514.5714,1.207145844,11573.11
14/08/2020 00:00,1.25E+11,18288912.5,321111.7143,1.264694557,11777.43
15/08/2020 00:00,1.22E+11,18290250,325415.8571,1.229856109,11774.38
16/08/2020 00:00,1.14E+11,18291587.5,327796.8571,1.147488007,11873.98
17/08/2020 00:00,1.12E+11,18292937.5,325593.5714,1.268331056,11914.01
18/08/2020 00:00,1.08E+11,18294262.5,325034.1429,1.245246229,12293.72
19/08/2020 00:00,1.17E+11,18295587.5,323244.7143,1.294059855,11969.53
20/08/2020 00:00,1.18E+11,18296912.5,324435.7143,1.265249952,11734
21/08/2020 00:00,1.16E+11,18298250,317095.4286,1.344396961,11865.82
22/08/2020 00:00,1.14E+11,18299575,316801,1.318342846,11522.8
23/08/2020 00:00,1.21E+11,18300912.5,317323.7143,1.251878968,11683.44
24/08/2020 00:00,1.24E+11,18302237.5,322493.5714,1.166158577,11653.02
25/08/2020 00:00,1.23E+11,18303562.5,316546.8571,1.318086656,11763.93
26/08/2020 00:00,1.24E+11,18304900,315161.8571,1.302465423,11337.4
27/08/2020 00:00,1.25E+11,18306225,314372.4286,1.26882631,11467.37
28/08/2020 00:00,1.24E+11,18307550,319861.7143,1.302147368,11302.01
29/08/2020 00:00,1.32E+11,18308875,317159.4286,1.328303404,11534.75
30/08/2020 00:00,1.35E+11,18310200,314357.4286,1.310540197,11481.64
31/08/2020 00:00,1.33E+11,18311537.5,310612.7143,1.171316933,11707.78
01/09/2020 00:00,1.34E+11,18312862.5,320912.5714,1.273975422,11659.57
02/09/2020 00:00,1.34E+11,18314187.5,319950.4286,1.293518292,11923.25
03/09/2020 00:00,1.28E+11,18315512.5,317488.2857,1.295405659,11397.44
04/09/2020 00:00,1.27E+11,18316837.5,309711.7143,1.300009081,10187.51
05/09/2020 00:00,1.26E+11,18318162.5,314388.8571,1.276079518,10467.89
06/09/2020 00:00,1.25E+11,18319500,313489.7143,1.421785773,10159.62
07/09/2020 00:00,1.30E+11,18320825,317024.2857,1.280486143,10254.93
08/09/2020 00:00,1.21E+11,18322162.5,310761.4286,1.249473174,10367.74
09/09/2020 00:00,1.26E+11,18323487.5,310392.1429,1.194565423,10121.52
10/09/2020 00:00,1.27E+11,18324812.5,315400.5714,1.333325968,10227.83
11/09/2020 00:00,1.25E+11,18326137.5,316834.4286,1.328602123,10352.66
12/09/2020 00:00,1.22E+11,18327462.5,313210,1.060539071,10395.44
13/09/2020 00:00,1.28E+11,18328787.5,312108.5714,0.938489469,10446.44
14/09/2020 00:00,1.29E+11,18330112.5,315874,1.160497602,10330.77
15/09/2020 00:00,1.30E+11,18331450,315915.2857,1.172355218,10674.64
16/09/2020 00:00,1.33E+11,18332775,319878.8571,1.309139768,10785.62
17/09/2020 00:00,1.31E+11,18334100,320250.2857,1.268264388,10948.43
18/09/2020 00:00,1.32E+11,18335425,322655.1429,1.153905552,10943.89
19/09/2020 00:00,1.26E+11,18336762.5,322113,1.249747779,10931.79
20/09/2020 00:00,1.27E+11,18338112.5,322682.2857,1.093970106,11081.43
21/09/2020 00:00,1.27E+11,18339437.5,314623,1.206441297,10919.65
22/09/2020 00:00,1.30E+11,18340762.5,311770.4286,1.286297791,10430.46
23/09/2020 00:00,1.37E+11,18342087.5,312817.4286,1.287952528,10532.22
24/09/2020 00:00,1.38E+11,18343425,308241.8571,1.258397307,10234.48
25/09/2020 00:00,1.39E+11,18344750,312229.4286,1.348089142,10732.43
26/09/2020 00:00,1.39E+11,18346087.5,309344.4286,1.312045573,10692.84
27/09/2020 00:00,1.42E+11,18347412.5,309385.4286,1.01567023,10732.4
28/09/2020 00:00,1.41E+11,18348750,309081.2857,1.244179667,10774.24
29/09/2020 00:00,1.42E+11,18350075,314039.4286,1.274256454,10692.33
30/09/2020 00:00,1.46E+11,18351400,314250.7143,1.324411436,10840.8
01/10/2020 00:00,1.62E+11,18352750,312565.7143,1.300792403,10777.92
02/10/2020 00:00,1.62E+11,18354087.5,307190.4286,1.291145963,10619.24
03/10/2020 00:00,1.60E+11,18355437.5,312146.5714,1.324275397,10575.06
04/10/2020 00:00,1.62E+11,18356800,313380.4286,1.219977316,10551.77
05/10/2020 00:00,1.69E+11,18358125,313310.4286,1.199752821,10673.46
06/10/2020 00:00,1.62E+11,18359462.5,309057,1.300707385,10788.56
07/10/2020 00:00,1.59E+11,18360787.5,311790.8571,1.278854629,10603.74
08/10/2020 00:00,1.64E+11,18362112.5,315429.4286,1.22370558,10670.8
09/10/2020 00:00,1.63E+11,18363437.5,318843.7143,1.313543986,10923.3
10/10/2020 00:00,1.66E+11,18364762.5,317076.7143,1.298188839,11063.19
11/10/2020 00:00,1.69E+11,18366137.5,315373.4286,1.066880514,11302.67
12/10/2020 00:00,1.80E+11,18367462.5,318114.5714,1.184181315,11376.61
13/10/2020 00:00,1.81E+11,18368800,320299.2857,1.257751488,11540.04
14/10/2020 00:00,1.77E+11,18370125,312297.4286,1.136457477,11428.24
15/10/2020 00:00,1.60E+11,18371450,313835.4286,1.261410596,11431.32
16/10/2020 00:00,1.57E+11,18372787.5,311736,1.21563509,11503.73
17/10/2020 00:00,1.58E+11,18374137.5,308390.7143,1.029741242,11327.57
18/10/2020 00:00,1.58E+11,18375231.25,304885.1429,1.083029592,11366.51
19/10/2020 00:00,1.63E+11,18375893.75,303421.5714,1.27557052,11508.2
20/10/2020 00:00,1.68E+11,18376562.5,303042.7143,1.226298278,11758.16
21/10/2020 00:00,1.78E+11,18377225,302578.5714,1.297150062,11925.46
22/10/2020 00:00,1.75E+11,18377887.5,302306.2857,1.283932423,12831.56
23/10/2020 00:00,1.74E+11,18378550,302195.1429,1.284365397,12990.25
24/10/2020 00:00,1.75E+11,18379212.5,306724.4286,1.337988868,12944.52
25/10/2020 00:00,1.81E+11,18379875,308255.2857,1.373567197,13128.46
26/10/2020 00:00,1.77E+11,18380556.25,300907.4286,1.340452455,13036.77
27/10/2020 00:00,1.79E+11,18381225,289675.2857,1.299469636,13076.37
28/10/2020 00:00,1.76E+11,18381887.5,282539.2857,1.28783919,13651.47
29/10/2020 00:00,1.65E+11,18382550,273536.8571,1.298560407,13289
30/10/2020 00:00,1.68E+11,18383212.5,265607.5714,1.294094279,13458.66
31/10/2020 00:00,1.68E+11,18383875,261182.1429,1.279690805,13564.72
01/11/2020 00:00,1.71E+11,18384537.5,266040.2857,1.246865936,13810.32
01/11/2020 23:00,1.62E+11,18385200,262056.7143,1.326538305,13758.88
02/11/2020 23:00,1.64E+11,18385862.5,273447.4286,1.282563386,13575.17
03/11/2020 23:00,1.63E+11,18386531.25,281927,1.342291579,14023.31
04/11/2020 23:00,1.68E+11,18387212.5,288012.4286,1.281835374,14155.59
05/11/2020 23:00,1.74E+11,18387875,298296.2857,1.272637765,15591.39
06/11/2020 23:00,1.74E+11,18388537.5,297597,1.359237363,15595.77
07/11/2020 23:00,1.75E+11,18389206.25,292849.4286,1.372073688,14839.84
08/11/2020 23:00,1.74E+11,18389868.75,307388.5714,1.370687778,15490.6
09/11/2020 23:00,1.76E+11,18390531.25,303331,1.225739374,15328.53
10/11/2020 23:00,1.75E+11,18391193.75,303556.7143,1.29717317,15317.04
11/11/2020 23:00,1.86E+11,18391862.5,304440.5714,1.247600381,15708.65
12/11/2020 23:00,1.74E+11,18392525,298681.8571,1.276639295,16295.57
13/11/2020 23:00,1.77E+11,18393187.5,299054.7143,1.290196641,16339.33
14/11/2020 23:00,1.75E+11,18393850,300435.8571,1.20522652,16091.07
15/11/2020 23:00,1.80E+11,18394512.5,298306.4286,1.208931319,15968.16
16/11/2020 23:00,1.79E+11,18395175,304663.8571,1.282460433,16725.15
17/11/2020 23:00,1.77E+11,18395843.75,310339.5714,1.262037065,17679.72
18/11/2020 23:00,1.79E+11,18396525,308369,1.330062818,17798.45
19/11/2020 23:00,1.77E+11,18397187.5,315224.1429,1.285111857,17820.57
20/11/2020 23:00,1.79E+11,18397850,320606.7143,1.15017216,18687.45
21/11/2020 23:00,1.79E+11,18398518.75,323236.7143,0.929209259,18699.75
22/11/2020 23:00,1.78E+11,18399187.5,321288.5714,1.229474912,18422.28
23/11/2020 23:00,1.80E+11,18399850,319220.1429,1.271609338,18398.91
24/11/2020 23:00,1.80E+11,18400512.5,319217.7143,1.233440948,19172.52
25/11/2020 23:00,1.80E+11,18401175,321062.5714,1.296814633,18739.8
26/11/2020 23:00,1.71E+11,18401837.5,317408.1429,1.285159448,17151.44
27/11/2020 23:00,1.73E+11,18402500,314945.2857,1.320298597,17138.87
28/11/2020 23:00,1.73E+11,18403162.5,313866.4286,1.104827073,17732.42
29/11/2020 23:00,1.74E+11,18403831.25,307968,1.31850177,18191.6
30/11/2020 23:00,1.73E+11,18404500,314364.4286,1.277175283,19709.73
01/12/2020 23:00,1.66E+11,18405168.75,309368.5714,1.256613206,18792.52
02/12/2020 23:00,1.73E+11,18405831.25,312646.5714,1.310205045,19226.97
03/12/2020 23:00,1.75E+11,18406506.25,312139.2857,1.321027257,19454.54
04/12/2020 23:00,1.74E+11,18407168.75,310517.8571,1.342303167,18670.49
05/12/2020 23:00,1.73E+11,18407837.5,309810.8571,1.348579647,19155.06
06/12/2020 23:00,1.71E+11,18408500,316147.2857,1.202576087,19377.66
07/12/2020 23:00,1.71E+11,18409162.5,309419,1.286537521,19181.41
08/12/2020 23:00,1.71E+11,18409825,308570.4286,1.275817914,18318.87
09/12/2020 23:00,1.72E+11,18410493.75,303817.2857,1.306710523,18554.15
10/12/2020 23:00,1.73E+11,18411162.5,301794.5714,1.325937022,18247.76
11/12/2020 23:00,1.78E+11,18411831.25,303624.7143,1.296116386,18029.36
12/12/2020 23:00,1.77E+11,18412493.75,306129.8571,1.174223994,18803.44
13/12/2020 23:00,1.78E+11,18413156.25,308050.4286,1.171579117,19164.48
14/12/2020 23:00,1.71E+11,18413818.75,306546.1429,1.292509964,19276.59
15/12/2020 23:00,1.70E+11,18414481.25,305708.7143,1.309532699,19439.75
16/12/2020 23:00,1.69E+11,18415150,305113.2857,1.299902845,21379.48
17/12/2020 23:00,1.69E+11,18415818.75,315229.5714,1.271535987,22847.46
18/12/2020 23:00,1.65E+11,18416481.25,322104.7143,1.265624475,23150.79
19/12/2020 23:00,1.69E+11,18417143.75,322945.1429,1.344026093,23869.92
20/12/2020 23:00,1.67E+11,18417806.25,316585.7143,1.3453685,23490.58
21/12/2020 23:00,1.69E+11,18418468.75,317117.5714,1.302079021,22745.48
22/12/2020 23:00,1.68E+11,18419131.25,320438.4286,1.246276935,23824.99
23/12/2020 23:00,1.69E+11,18419800,314735.2857,1.270105952,23253.37
24/12/2020 23:00,1.70E+11,18420468.75,304499.8571,1.285844181,23715.53
25/12/2020 23:00,1.67E+11,18421131.25,294559.5714,1.384865839,24693.58
26/12/2020 23:00,1.67E+11,18421800,298411.2857,1.30395973,26443.21
27/12/2020 23:00,1.67E+11,18422462.5,304004,1.296631931,26246.58
28/12/2020 23:00,1.67E+11,18423125,305739.4286,1.276643447,27036.69
29/12/2020 23:00,1.66E+11,18423787.5,305710.1429,1.25657489,27376.37
30/12/2020 23:00,1.67E+11,18424450,316475.7143,1.277365012,28856.59
31/12/2020 23:00,1.71E+11,18425112.5,309929.8571,1.352232664,28982.56
01/01/2021 23:00,1.70E+11,18425787.5,313238,1.395637245,29393.75
02/01/2021 23:00,1.71E+11,18426456.25,320396.7143,1.288693924,32195.46
03/01/2021 23:00,1.74E+11,18427118.75,329646.8571,1.318806191,33000.78
04/01/2021 23:00,1.73E+11,18427793.75,332186.8571,1.292713083,32035.03
05/01/2021 23:00,1.70E+11,18428456.25,340633.4286,1.293667921,34046.67
06/01/2021 23:00,1.70E+11,18429125,348751.4286,1.269546125,36860.41
07/01/2021 23:00,1.70E+11,18429787.5,363100.8571,1.295011068,39486.04
08/01/2021 23:00,1.71E+11,18430450,366569.1429,1.260930863,40670.25
09/01/2021 23:00,1.70E+11,18431112.5,362676.1429,1.282691371,40240.72
10/01/2021 23:00,1.72E+11,18431775,356993.8571,1.3372515,38240.09
11/01/2021 23:00,1.69E+11,18432437.5,354499,1.324212047,35544.94
12/01/2021 23:00,1.71E+11,18433106.25,343325.1429,1.264865664,34011.82
13/01/2021 23:00,1.69E+11,18433768.75,334334.4286,1.29648302,37393.13
14/01/2021 23:00,1.67E+11,18434431.25,332259.5714,1.315265806,39158.47
15/01/2021 23:00,1.68E+11,18435093.75,330412.7143,1.31976832,36828.52
16/01/2021 23:00,1.68E+11,18435756.25,321842.5714,1.324590684,36065.2
17/01/2021 23:00,1.69E+11,18436425,318965.1429,1.342526855,35793.01
18/01/2021 23:00,1.69E+11,18437093.75,317316,1.278255315,36632.35
19/01/2021 23:00,1.69E+11,18437756.25,316693.4286,1.277115723,36020.13
20/01/2021 23:00,1.72E+11,18438418.75,309828.4286,1.313049093,35538.98
21/01/2021 23:00,1.72E+11,18439081.25,307390.2857,1.283418817,30797.88
22/01/2021 23:00,1.76E+11,18439743.75,306925.7143,1.289703471,33002.38
23/01/2021 23:00,1.77E+11,18440406.25,304368.1429,1.307027871,32099.74
24/01/2021 23:00,1.76E+11,18441068.75,303694.7143,1.380525043,32276.84
25/01/2021 23:00,1.77E+11,18441737.5,305387.8571,1.360394143,32243.26
26/01/2021 23:00,1.79E+11,18442400,306637,1.286615401,32541.8
27/01/2021 23:00,1.83E+11,18443068.75,311550.1429,1.315946407,30419.17
28/01/2021 23:00,1.89E+11,18443731.25,313564.5714,1.313147296,33403.17
29/01/2021 23:00,2.07E+11,18444400,314579.4286,1.301743838,34314.26
30/01/2021 23:00,2.02E+11,18445062.5,319834,1.310972458,34318.1
31/01/2021 23:00,2.03E+11,18445725,315799.8571,1.313160675,33136.46
01/02/2021 23:00,2.03E+11,18446387.5,319745,1.300842533,33522.9
02/02/2021 23:00,2.05E+11,18447050,322726.7143,1.30181632,35529.66
03/02/2021 23:00,2.10E+11,18447712.5,328818.4286,1.286774544,37676.25
04/02/2021 23:00,2.16E+11,18448375,331604.8571,1.303817669,37002.09
05/02/2021 23:00,2.21E+11,18449037.5,334686.7143,1.286239648,38278.61
06/02/2021 23:00,2.06E+11,18449700,334059.7143,1.393552788,39323.26
07/02/2021 23:00,2.10E+11,18450362.5,341825.4286,1.386773296,38928.1
08/02/2021 23:00,2.09E+11,18451025,341194.8571,1.278955734,46364.3
09/02/2021 23:00,2.06E+11,18451687.5,340671,1.290298839,46589.58
10/02/2021 23:00,2.16E+11,18452350,331664,1.271182419,44878.17
11/02/2021 23:00,2.19E+11,18453012.5,329201.8571,1.272982458,48013.38
12/02/2021 23:00,2.17E+11,18453681.25,329593,1.31935751,47471.4
13/02/2021 23:00,2.14E+11,18454343.75,331291.5714,1.323906899,47185.19
14/02/2021 23:00,2.16E+11,18455006.25,327473.4286,1.321964755,48720.37
15/02/2021 23:00,2.16E+11,18455668.75,318366.4286,1.29682724,47951.85
16/02/2021 23:00,2.19E+11,18456331.25,315067.5714,1.291019471,49160.1
17/02/2021 23:00,2.18E+11,18456993.75,316812.2857,1.305050285,52118.23
18/02/2021 23:00,2.14E+11,18457656.25,316566.5714,1.328641824,51608.15
19/02/2021 23:00,2.08E+11,18458318.75,314259.5714,1.321612397,55916.5
20/02/2021 23:00,2.13E+11,18458981.25,310458.2857,1.445759092,56001.2
21/02/2021 23:00,2.12E+11,18459643.75,307156.4286,1.334959,57487.86
22/02/2021 23:00,2.16E+11,18460306.25,305941.5714,1.298336512,54123.4
23/02/2021 23:00,2.18E+11,18460975,311716.7143,1.309937233,48880.43
24/02/2021 23:00,2.18E+11,18461643.75,313025.8571,1.301001885,50624.84
25/02/2021 23:00,2.19E+11,18462306.25,308001.5714,1.293684331,46800.42
26/02/2021 23:00,2.18E+11,18462975,308045.7143,1.291870166,46340.31
27/02/2021 23:00,2.28E+11,18463637.5,305570.1429,1.364487969,46155.87
28/02/2021 23:00,2.21E+11,18464300,304870.4286,1.347932731,45113.92
01/03/2021 23:00,2.19E+11,18464968.75,312051.2857,1.309441853,49618.43
02/03/2021 23:00,2.16E+11,18465631.25,308524.1429,1.301007401,48356.04
03/03/2021 23:00,2.19E+11,18466293.75,303312,1.287553852,50477.7
04/03/2021 23:00,2.17E+11,18466956.25,304935.4286,1.323912208,48448.91
05/03/2021 23:00,2.14E+11,18467618.75,300246.7143,1.352091625,48861.38
06/03/2021 23:00,2.15E+11,18468287.5,301164.2857,1.369775685,48881.59
07/03/2021 23:00,2.16E+11,18468950,302802.8571,1.410230135,51169.7
08/03/2021 23:00,2.18E+11,18469618.75,297307.4286,1.31116065,52299.33
09/03/2021 23:00,2.16E+11,18470281.25,298919.7143,1.299936745,54881.52
10/03/2021 23:00,2.08E+11,18470950,299150.2857,1.284828902,55997.23
11/03/2021 23:00,2.12E+11,18471612.5,299573.7143,1.314888067,57764
12/03/2021 23:00,2.09E+11,18472281.25,298017.8571,1.407024189,57253.28
13/03/2021 23:00,2.12E+11,18472943.75,304776.5714,1.316139204,61258.73
15/03/2021 00:00,2.13E+11,18473612.5,304816,1.356310189,59133.47
16/03/2021 00:00,2.13E+11,18474275,307646.1429,1.324155477,55754.72
17/03/2021 00:00,2.15E+11,18474937.5,300707.7143,1.292900154,56872.38
18/03/2021 00:00,2.15E+11,18475600,306489.5714,1.261881092,58913
19/03/2021 00:00,2.14E+11,18476268.75,305837.5714,1.323033318,57665.9
20/03/2021 00:00,2.21E+11,18476931.25,307248.4286,1.335281006,58075.1
21/03/2021 00:00,2.17E+11,18477600,296803.5714,1.455319064,58085.8
22/03/2021 00:00,2.09E+11,18478262.5,297543.4286,1.357444384,57411.17
23/03/2021 00:00,1.90E+11,18478925,296792.1429,1.352368143,54204.96
24/03/2021 00:00,1.93E+11,18479593.75,298074.1429,1.353617987,54477.46
25/03/2021 00:00,1.88E+11,18480256.25,296194.7143,1.316496,52508.23
26/03/2021 00:00,1.88E+11,18480925,292970.4286,1.318635669,51415.92
27/03/2021 00:00,1.89E+11,18481593.75,293157.7143,1.298147333,55074.47
28/03/2021 00:00,1.87E+11,18482262.5,295110.4286,1.315239252,55863.93
29/03/2021 00:00,1.89E+11,18482925,295952.5714,1.282992013,55783.71
30/03/2021 00:00,1.85E+11,18483587.5,296932,1.312332404,57627.67
31/03/2021 00:00,1.89E+11,18484250,300882.8571,1.345339949,58730.13
01/04/2021 00:00,1.90E+11,18484912.5,299936.7143,1.336590924,58735.25
02/04/2021 00:00,1.91E+11,18485575,301676.4286,1.314276629,58736.92
03/04/2021 00:00,1.90E+11,18486243.75,300741.8571,1.31216216,59031.32
04/04/2021 00:00,1.91E+11,18486912.5,300370.7143,1.370052185,57076.49
05/04/2021 00:00,1.93E+11,18487575,298333.7143,1.40872141,58206.55
06/04/2021 00:00,1.89E+11,18488237.5,296687.2857,1.343027368,59054.1
07/04/2021 00:00,1.92E+11,18488900,295054.4286,1.30412665,58020.46
08/04/2021 00:00,1.97E+11,18489568.75,290282.2857,1.314213851,55947.27
09/04/2021 00:00,1.99E+11,18490231.25,292986.8571,1.328603684,58048.59
10/04/2021 00:00,2.01E+11,18490893.75,295468.1429,1.351301427,58102.58
11/04/2021 00:00,2.02E+11,18491556.25,296531.2857,1.377041414,59774
12/04/2021 00:00,2.00E+11,18492218.75,296863.1429,1.345640743,59964.87
13/04/2021 00:00,2.02E+11,18492881.25,296955.7143,1.337717894,59834.74
14/04/2021 00:00,2.01E+11,18493543.75,293552.1429,1.288458481,63554.44
15/04/2021 00:00,2.05E+11,18494206.25,305110.1429,1.317252273,62969.12
16/04/2021 00:00,2.03E+11,18494868.75,290107.8571,1.317298553,63252.63
17/04/2021 00:00,2.02E+11,18495531.25,275178.4286,1.355659176,61455.98
18/04/2021 00:00,1.92E+11,18496193.75,278219.2857,1.29418196,60087.09
19/04/2021 00:00,1.94E+11,18496856.25,266368.4286,1.305400649,56251.48
20/04/2021 00:00,1.93E+11,18497518.75,262049,1.329866672,55703.14
21/04/2021 00:00,1.90E+11,18498181.25,251838.5714,1.306862505,56507.91
22/04/2021 00:00,1.97E+11,18498850,239720,1.27619135,53808.8
23/04/2021 00:00,1.97E+11,18499525,250581,1.315820052,51731.71
24/04/2021 00:00,1.98E+11,18500193.75,264311,1.32622569,51153.13
25/04/2021 00:00,1.98E+11,18500862.5,259497.5714,1.342451369,50110.53
26/04/2021 00:00,1.97E+11,18501531.25,264108.1429,1.314773175,49075.58
27/04/2021 00:00,2.01E+11,18502200,266698.4286,1.316657338,54056.64
28/04/2021 00:00,1.97E+11,18502868.75,273999.1429,1.311624768,55071.46
29/04/2021 00:00,1.99E+11,18503531.25,271835.5714,1.364329738,54884.1
30/04/2021 00:00,1.99E+11,18504193.75,270929.5714,1.388769759,53584.15
01/05/2021 00:00,2.01E+11,18504856.25,266972.5714,1.345956439,57796.62
02/05/2021 00:00,1.97E+11,18505518.75,266140.1429,1.407752259,57857.5
03/05/2021 00:00,1.95E+11,18506181.25,272757.2857,1.462600847,56610.46
04/05/2021 00:00,1.95E+11,18506850,273145.1429,1.336464895,57213.33
05/05/2021 00:00,1.96E+11,18507512.5,277809.1429,1.34764428,53241.72
06/05/2021 00:00,1.98E+11,18508175,285225.5714,1.361765376,57473.23
07/05/2021 00:00,1.99E+11,18508850,287882.5714,1.296296715,56428.16
08/05/2021 00:00,1.98E+11,18509518.75,289554,1.310903526,57380.27
09/05/2021 00:00,1.96E+11,18510181.25,291361.4286,1.360895032,58928.81
10/05/2021 00:00,1.97E+11,18510843.75,293688.5714,1.374446744,58280.73
11/05/2021 00:00,2.02E+11,18511512.5,295301.5714,1.349528221,55883.5
12/05/2021 00:00,2.03E+11,18512175,293969.8571,1.371222884,56750
13/05/2021 00:00,2.11E+11,18512837.5,288983,1.31155523,49007.09
14/05/2021 00:00,2.10E+11,18513506.25,282992.5714,1.315543037,49702.27
15/05/2021 00:00,2.11E+11,18514175,276908,1.347771789,49922.52
16/05/2021 00:00,2.10E+11,18514837.5,272846.4286,1.371701076,46736.58
17/05/2021 00:00,2.13E+11,18515500,265362.5714,1.334121628,46441.64
18/05/2021 00:00,2.11E+11,18516168.75,252348.7143,1.33218696,43596.24
19/05/2021 00:00,2.11E+11,18516831.25,247058.2857,1.32228564,42912.19
20/05/2021 00:00,2.11E+11,18517500,240139.2857,1.304127188,36964.27
21/05/2021 00:00,2.13E+11,18518168.75,234467.2857,1.289615355,40784.32
22/05/2021 00:00,2.10E+11,18518831.25,233281.7143,1.289550336,37280.35
23/05/2021 00:00,2.10E+11,18519500,229693.8571,1.37997195,37528.3
24/05/2021 00:00,2.10E+11,18520162.5,227386,1.345942548,34754.54
25/05/2021 00:00,2.12E+11,18520825,229189.7143,1.359462618,38728.59
26/05/2021 00:00,2.18E+11,18521493.75,224523.1429,1.300155164,38410.5
27/05/2021 00:00,2.19E+11,18522156.25,222522.5714,1.262394282,39266.04
28/05/2021 00:00,2.27E+11,18522825,221374,1.343872412,38445.29
29/05/2021 00:00,2.39E+11,18523487.5,217735.7143,1.322726397,35689.62
30/05/2021 00:00,2.41E+11,18524162.5,215660.7143,1.499183174,34647.67
31/05/2021 00:00,2.40E+11,18524831.25,214477,1.440666773,35684.59
01/06/2021 00:00,2.40E+11,18525500,214608,1.365650648,37310.54
02/06/2021 00:00,2.43E+11,18526162.5,217441.7143,1.291096494,36662.64
03/06/2021 00:00,2.42E+11,18526825,223382.5714,1.293653803,37585.24
04/06/2021 00:00,2.42E+11,18527487.5,226005.5714,1.290167015,39188.59
05/06/2021 00:00,2.54E+11,18528150,225469.5714,1.083916901,36885.51
06/06/2021 00:00,2.46E+11,18528812.5,226256.7143,0.948718753,35530.38
07/06/2021 00:00,2.51E+11,18529475,227543.8571,1.250724722,35816.17
08/06/2021 00:00,2.51E+11,18530137.5,229307.4286,1.286348819,33514.87
09/06/2021 00:00,2.56E+11,18530800,223639.1429,1.067569262,33450.19
10/06/2021 00:00,2.56E+11,18531462.5,223262.2857,1.311452424,37338.36
11/06/2021 00:00,2.51E+11,18532131.25,220380.8571,1.401894276,36704.57
12/06/2021 00:00,2.54E+11,18532793.75,224408.5714,1.489759523,37313.18
13/06/2021 00:00,2.52E+11,18533456.25,224664.7143,1.174923765,35494.9
14/06/2021 00:00,2.62E+11,18534118.75,225655.7143,1.263461481,39066.82
15/06/2021 00:00,2.78E+11,18534812.5,224935,1.294162252,40525.8
16/06/2021 00:00,2.86E+11,18535475,230938.7143,1.35400787,40188.56
17/06/2021 00:00,2.89E+11,18536143.75,228759,1.169748708,38324.87
18/06/2021 00:00,2.75E+11,18536806.25,229675.5714,1.164026726,38068.04
19/06/2021 00:00,2.85E+11,18537468.75,224571,1.187639903,35729.82
20/06/2021 00:00,2.86E+11,18538150,221735.4286,1.262359057,35524.17
21/06/2021 00:00,2.84E+11,18538812.5,216397.4286,1.353235933,35592.35
22/06/2021 00:00,2.82E+11,18539475,209920.5714,1.392932692,31686.55
23/06/2021 00:00,2.87E+11,18540137.5,207030.1429,1.392618861,32447.59
24/06/2021 00:00,2.90E+11,18540800,206394.8571,1.380862733,33674.66
25/06/2021 00:00,2.98E+11,18541468.75,205727.2857,1.395703382,34639.38
26/06/2021 00:00,3.00E+11,18542131.25,204953.8571,1.420391607,31640.58
27/06/2021 00:00,2.98E+11,18542806.25,198866.8571,1.424897492,32160.91
28/06/2021 00:00,2.99E+11,18543475,200702.2857,1.370945632,34644.45
29/06/2021 00:00,2.97E+11,18544137.5,202001.2857,1.401325167,34456.67
30/06/2021 00:00,3.02E+11,18544800,200005.5714,1.359347292,35847.7
01/07/2021 00:00,3.11E+11,18545462.5,199573.4286,1.392820968,35047.36
02/07/2021 00:00,3.28E+11,18546125,195333.8571,1.403917178,33536.88
03/07/2021 00:00,3.38E+11,18546787.5,203310.2857,1.420467622,33856.86
04/07/2021 00:00,3.28E+11,18547462.5,210054.5714,1.441163609,34688.98
05/07/2021 00:00,3.32E+11,18548125,210892,1.327586447,35309.3
06/07/2021 00:00,3.39E+11,18548787.5,214129.5714,1.097025444,33747.97
07/07/2021 00:00,3.50E+11,18549450,214485.7143,1.173740122,34211.01
08/07/2021 00:00,3.50E+11,18550112.5,214552.2857,1.030018576,33839.04
09/07/2021 00:00,3.41E+11,18550781.25,220115.5714,1.259713985,32877.41
10/07/2021 00:00,3.46E+11,18551443.75,212944.1429,0.840594553,33818.52
11/07/2021 00:00,3.44E+11,18552106.25,212129,1.110524304,33515.57
12/07/2021 00:00,3.53E+11,18552768.75,211630.2857,1.177102119,34227.64
13/07/2021 00:00,3.52E+11,18553431.25,211864.1429,1.159622037,33158.25
14/07/2021 00:00,3.51E+11,18554093.75,214005.5714,0.909874071,32686.56
15/07/2021 00:00,3.13E+11,18554762.5,213364.8571,1.21130982,32814.61
16/07/2021 00:00,3.21E+11,18555431.25,212787,0.930522387,31738.59
17/07/2021 00:00,3.15E+11,18556093.75,212041.8571,0.784945664,31421.25
18/07/2021 00:00,3.22E+11,18556756.25,211324.4286,0.803860868,31520.66
19/07/2021 00:00,3.31E+11,18557431.25,212257.8571,0.913009459,31783.49
20/07/2021 00:00,3.42E+11,18558093.75,212342.5714,1.286061041,30815.94
21/07/2021 00:00,3.66E+11,18558756.25,212265.8571,1.092054917,29790.24
22/07/2021 00:00,3.54E+11,18559418.75,212844.1429,0.949214778,32118.06
23/07/2021 00:00,3.52E+11,18560087.5,213939,1.053501852,32297.89
24/07/2021 00:00,3.54E+11,18560750,216231,0.843060662,33581.63
25/07/2021 00:00,3.61E+11,18561412.5,218147.1429,0.79278883,34279.34
26/07/2021 00:00,3.52E+11,18562075,223168.1429,1.147170953,35365.2
27/07/2021 00:00,3.52E+11,18562743.75,226698.4286,1.092558159,37318.14
28/07/2021 00:00,3.57E+11,18563406.25,228918.8571,1.011709707,39405.95
29/07/2021 00:00,3.56E+11,18564068.75,233537.4286,1.022161838,40002.53
30/07/2021 00:00,3.57E+11,18564731.25,237007,0.92933541,40005.93
31/07/2021 00:00,3.56E+11,18565400,238329.4286,0.81558393,42214.15
01/08/2021 00:00,3.39E+11,18566068.75,239846.8571,0.772602162,41659.06
02/08/2021 00:00,3.39E+11,18566731.25,236607.8571,1.267856245,40000.46
03/08/2021 00:00,3.37E+11,18567400,235318.8571,0.948733722,39193.94
04/08/2021 00:00,3.30E+11,18568062.5,233657.8571,1.179495081,38138
05/08/2021 00:00,3.40E+11,18568731.25,231309.7143,0.962914531,39750.14
06/08/2021 00:00,3.48E+11,18569400,232080.1429,1.037619541,40882
07/08/2021 00:00,3.59E+11,18570068.75,232777.4286,0.791597707,42825.95
08/08/2021 00:00,3.56E+11,18570731.25,233701.1429,0.804929576,44634.13
09/08/2021 00:00,3.62E+11,18571393.75,235613,1.125952382,43816.14
10/08/2021 00:00,3.61E+11,18572062.5,237723,0.98985457,46333.46
11/08/2021 00:00,3.84E+11,18572725,240986,1.108843374,45608.37
12/08/2021 00:00,4.22E+11,18573393.75,241669.7143,1.030409874,45611.46
13/08/2021 00:00,4.30E+11,18574062.5,241643.1429,1.243908021,44417.78
14/08/2021 00:00,4.26E+11,18574725,241192.4286,0.764561226,47833.98
15/08/2021 00:00,4.34E+11,18575393.75,240423.2857,0.823579588,47112.19
16/08/2021 00:00,4.38E+11,18576056.25,241976,1.105397012,47056.41
17/08/2021 00:00,4.37E+11,18576718.75,241518.5714,1.141141134,45982.55
18/08/2021 00:00,4.31E+11,18577387.5,239360.8571,1.248408874,44648.57
19/08/2021 00:00,4.26E+11,18578056.25,239716,1.114092584,44777.86
20/08/2021 00:00,4.37E+11,18578718.75,241317.8571,1.152746675,46734.65
21/08/2021 00:00,4.30E+11,18579381.25,242794,0.842739371,49327.75
22/08/2021 00:00,4.31E+11,18580043.75,243421.4286,0.83821425,48932.02
23/08/2021 00:00,4.51E+11,18580706.25,244451,0.928536898,49335.68
24/08/2021 00:00,4.62E+11,18581375,245339.2857,1.135454006,49523.5
25/08/2021 00:00,4.99E+11,18582037.5,247578.7143,0.960131463,47744.58
26/08/2021 00:00,4.98E+11,18582700,248313.4286,1.019037205,48972.09
27/08/2021 00:00,4.97E+11,18583362.5,246167.1429,1.025525534,46962.8
28/08/2021 00:00,4.93E+11,18584031.25,246004.4286,0.933237397,49056.86
29/08/2021 00:00,5.01E+11,18584693.75,246150,0.849401571,48897.65
30/08/2021 00:00,5.16E+11,18585362.5,243324.1429,1.178416407,48806.78
31/08/2021 00:00,5.34E+11,18586031.25,244349.7143,1.141913701,47074.77
01/09/2021 00:00,5.37E+11,18586693.75,246900.5714,1.256872029,47155.87
02/09/2021 00:00,5.45E+11,18587356.25,251373.4286,1.258125812,48862.76
03/09/2021 00:00,5.45E+11,18588025,255256,1.2684945,49329.01
04/09/2021 00:00,6.01E+11,18588693.75,256608,0.886053858,50035.33
05/09/2021 00:00,6.35E+11,18589356.25,258524.5714,0.812051756,49947.38
06/09/2021 00:00,6.20E+11,18590031.25,261084.8571,1.087901,51769.06
07/09/2021 00:00,5.79E+11,18590700,261865,1.140718497,52677.4
08/09/2021 00:00,5.84E+11,18591362.5,260381.8571,1.125560697,46809.17
09/09/2021 00:00,6.31E+11,18592025,258165.2857,1.192685431,46078.38
10/09/2021 00:00,6.48E+11,18592687.5,254933.8571,1.19447636,46368.69
11/09/2021 00:00,6.94E+11,18593356.25,253607.1429,1.082964554,44847.48
12/09/2021 00:00,7.25E+11,18594018.75,251839.2857,0.835119109,45144.79
13/09/2021 00:00,7.72E+11,18594681.25,249995.4286,1.050338767,46059.12
14/09/2021 00:00,7.54E+11,18595350,248781.5714,1.037876732,44968.76
15/09/2021 00:00,7.51E+11,18596018.75,248563.5714,1.331678662,47072.12
16/09/2021 00:00,6.85E+11,18596681.25,248112,1.506390096,48167.85
17/09/2021 00:00,6.50E+11,18597343.75,249493.2857,1.224006599,47785.26
18/09/2021 00:00,6.47E+11,18598006.25,250809.8571,0.955009994,47263.6
19/09/2021 00:00,6.31E+11,18598675,251927.7143,0.770383031,48259.45
20/09/2021 00:00,6.44E+11,18599337.5,253965.2857,1.214339067,47249.38
21/09/2021 00:00,7.18E+11,18600000,250599.7143,1.220175537,42901.56
22/09/2021 00:00,7.32E+11,18600675,251496.5714,1.23450309,40619.27
23/09/2021 00:00,6.54E+11,18601337.5,251134.5714,1.016578461,43604.76
24/09/2021 00:00,6.97E+11,18602006.25,252066.7143,1.205603176,44888.96
25/09/2021 00:00,6.42E+11,18602675,249911.5714,0.84045934,42815.56
26/09/2021 00:00,6.67E+11,18603337.5,249203.5714,0.914658245,42742.01
27/09/2021 00:00,6.64E+11,18604006.25,247152.1429,1.051818432,43182.63
28/09/2021 00:00,6.89E+11,18604668.75,249684.1429,1.184401961,42238.2
29/09/2021 00:00,6.60E+11,18605337.5,244935,1.151118546,41011.16
30/09/2021 00:00,6.51E+11,18606000,248418.5714,1.253955175,41522.38
01/10/2021 00:00,5.94E+11,18606662.5,248343.8571,1.237001443,43757.81
02/10/2021 00:00,5.84E+11,18607325,255113.2857,0.942906436,48140.11
03/10/2021 00:00,6.11E+11,18607987.5,258335,0.9103214,47727.1
04/10/2021 00:00,5.97E+11,18608650,260203.8571,1.167222923,48205.72
05/10/2021 00:00,5.93E+11,18609318.75,267381.8571,1.274705579,49143.95
06/10/2021 00:00,6.37E+11,18609987.5,271061.5714,1.196702588,51505.83
07/10/2021 00:00,5.94E+11,18610650,275747.4286,1.430095348,55343.76
08/10/2021 00:00,5.97E+11,18611318.75,276174,1.460428058,53801.1
09/10/2021 00:00,5.51E+11,18611981.25,274206.5714,1.289836107,53867.3
10/10/2021 00:00,5.82E+11,18612643.75,273262.8571,0.881602868,55122.59
11/10/2021 00:00,6.35E+11,18613312.5,274867,1.266067712,54625.74
12/10/2021 00:00,6.58E+11,18613975,269383.7143,1.312662,57452.01
13/10/2021 00:00,6.39E+11,18614637.5,272407.5714,1.107308355,56242.94
14/10/2021 00:00,6.28E+11,18615300,266194.4286,1.33977365,57406.69
15/10/2021 00:00,6.06E+11,18615962.5,268725.5714,1.296617191,57397.74
16/10/2021 00:00,6.27E+11,18616631.25,272134.5714,1.295533406,61641.17
17/10/2021 00:00,6.50E+11,18617293.75,272759.8571,0.903351362,60948.78
18/10/2021 00:00,6.82E+11,18617962.5,273500.4286,1.212650628,61546.21
19/10/2021 00:00,7.11E+11,18618625,278909.4286,1.302747961,61971.59
20/10/2021 00:00,6.88E+11,18619287.5,279323.2857,1.179138664,64287.64
21/10/2021 00:00,7.04E+11,18619950,284803.2857,1.512783581,66063.56
22/10/2021 00:00,7.07E+11,18620618.75,283346.7143,1.168189481,62354.86
23/10/2021 00:00,7.57E+11,18621293.75,276759.4286,1.051342772,60697.06
24/10/2021 00:00,7.36E+11,18621956.25,276093.2857,0.839270294,61277.28
25/10/2021 00:00,7.29E+11,18622618.75,275995,1.101719687,60884.18
26/10/2021 00:00,8.16E+11,18623281.25,273425.1429,1.21337114,63070.54
27/10/2021 00:00,8.63E+11,18623956.25,273468.1429,1.107476529,60345.17
28/10/2021 00:00,8.69E+11,18624625,269870.2857,1.250332667,58538.49
29/10/2021 00:00,8.43E+11,18625293.75,272467.8571,1.067304088,60587.09
30/10/2021 00:00,8.88E+11,18625962.5,276485,0.986677194,62249.18
31/10/2021 00:00,8.90E+11,18626637.5,277372.8571,1.118622273,61731.29
01/11/2021 00:00,8.96E+11,18627312.5,278601.7143,1.315084277,61373.44
02/11/2021 00:00,8.79E+11,18627975,279083.5714,1.250437994,61029.5
03/11/2021 00:00,9.20E+11,18628637.5,278602.4286,1.17984446,63241.11
04/11/2021 00:00,8.81E+11,18629300,277685.7143,1.307600287,62954.86
05/11/2021 00:00,8.88E+11,18629968.75,274859,1.243942961,61441.83
06/11/2021 00:00,9.06E+11,18630631.25,272597.8571,0.921042955,61072.32
07/11/2021 00:00,9.59E+11,18631293.75,273839.7143,0.992480993,61516.31
07/11/2021 23:00,9.66E+11,18631956.25,272771.7143,1.273153207,63293.22
08/11/2021 23:00,9.58E+11,18632631.25,278201.5714,1.473930408,67562.17
09/11/2021 23:00,1.05E+12,18633293.75,279955.7143,1.362915946,66954.11
10/11/2021 23:00,1.05E+12,18633956.25,280602,1.230431203,64976.73
11/11/2021 23:00,1.05E+12,18634618.75,280045.2857,1.262101789,64838.81
12/11/2021 23:00,1.05E+12,18635287.5,280388.2857,0.968751137,64254.67
13/11/2021 23:00,1.02E+12,18635950,280086.5714,0.880797389,64420.94
14/11/2021 23:00,8.74E+11,18636618.75,280462.1429,1.35035402,65468.75
15/11/2021 23:00,9.42E+11,18637281.25,275561,1.259483213,63584.25
16/11/2021 23:00,9.42E+11,18637950,274041.7143,1.372129799,60172.26
17/11/2021 23:00,9.17E+11,18638618.75,274070.5714,1.267871368,60381.35
18/11/2021 23:00,8.59E+11,18639287.5,274452,1.275837234,56921.34
19/11/2021 23:00,8.83E+11,18639950,276026,1.049318048,58133.02
20/11/2021 23:00,8.61E+11,18640612.5,275873.5714,1.123991788,59777.98
21/11/2021 23:00,8.15E+11,18641275,274549.2857,1.195197007,58755.9
22/11/2021 23:00,9.18E+11,18641937.5,272020.4286,1.183716758,56301.52
23/11/2021 23:00,9.19E+11,18642600,273237.4286,1.245540707,57578.22
24/11/2021 23:00,9.08E+11,18643275,272327.2857,1.244448577,57187.54
25/11/2021 23:00,9.47E+11,18643937.5,273459.5714,1.342729242,58935.45
26/11/2021 23:00,9.26E+11,18644606.25,272189.1429,0.922750245,53588.21
27/11/2021 23:00,8.75E+11,18645268.75,270877.5714,0.967907957,54801.15
28/11/2021 23:00,9.07E+11,18645931.25,274039.2857,1.217180105,57292.28
29/11/2021 23:00,9.04E+11,18646593.75,275535.7143,1.244173306,57828.45
30/11/2021 23:00,9.46E+11,18647256.25,274037.5714,1.406416117,57025.79
01/12/2021 23:00,9.47E+11,18647918.75,277718.2857,1.50098691,57229.76
02/12/2021 23:00,9.63E+11,18648581.25,277360.2857,1.085296958,56508.48
03/12/2021 23:00,1.01E+12,18649243.75,279205.2857,1.09181229,53713.84
04/12/2021 23:00,1.02E+12,18649906.25,279411.7143,1.222526554,49253.86
05/12/2021 23:00,1.04E+12,18650568.75,277007.4286,1.09612286,49380.43
06/12/2021 23:00,1.08E+12,18651231.25,276217,1.207005727,50564.63
07/12/2021 23:00,1.05E+12,18651893.75,273029.5714,0.951603452,50645.41
08/12/2021 23:00,1.07E+12,18652556.25,268674.4286,1.329413399,50511.12
09/12/2021 23:00,1.14E+12,18653218.75,265993.8571,1.028357571,47659.68
10/12/2021 23:00,1.11E+12,18653881.25,262002.2857,0.886237642,47137.46
11/12/2021 23:00,1.05E+12,18654543.75,261944.4286,0.863115471,49379.67
12/12/2021 23:00,1.01E+12,18655206.25,261050.7143,1.197346787,50117.25
13/12/2021 23:00,1.05E+12,18655868.75,259612.4286,1.14954252,46757.09
14/12/2021 23:00,1.03E+12,18656537.5,261754.2857,1.396579759,48392.79
15/12/2021 23:00,1.09E+12,18657206.25,257958.7143,1.275047687,48884.66
16/12/2021 23:00,1.07E+12,18657868.75,256833,1.243847013,47658.38
17/12/2021 23:00,1.09E+12,18658537.5,258752.5714,1.194217852,46173.51
18/12/2021 23:00,1.11E+12,18659200,257597,0.78652096,46863.67
19/12/2021 23:00,1.07E+12,18659862.5,255987.8571,1.248501903,46689.28
20/12/2021 23:00,1.08E+12,18660531.25,259764.7143,1.11032036,46910.13
21/12/2021 23:00,1.07E+12,18661193.75,260820.7143,1.205787223,48934.57
22/12/2021 23:00,1.00E+12,18661868.75,265905.4286,1.124778026,48628.35
23/12/2021 23:00,1.02E+12,18662531.25,265486.8571,1.239346907,50785.69
24/12/2021 23:00,1.06E+12,18663193.75,261005.8571,1.164388714,50814.92
25/12/2021 23:00,9.84E+11,18663862.5,259842.2857,0.984266149,50470.89
26/12/2021 23:00,9.75E+11,18664531.25,257356.7143,1.228930203,50801.11
27/12/2021 23:00,1.01E+12,18665193.75,251743.7143,1.470745254,50692.3
28/12/2021 23:00,1.02E+12,18665862.5,249970.5714,1.402007917,47601.26
29/12/2021 23:00,1.05E+12,18666525,243288,1.440239756,46408.87
30/12/2021 23:00,1.03E+12,18667187.5,244570.1429,1.394028362,47132.96
31/12/2021 23:00,1.09E+12,18667856.25,241574.5714,0.697698913,46249.56
01/01/2022 23:00,1.09E+12,18668525,241330.4286,0.788183418,47763.33
02/01/2022 23:00,1.10E+12,18669187.5,239222.5714,1.185446236,47327.87
03/01/2022 23:00,1.10E+12,18669850,240525.7143,1.196001905,46441.99
04/01/2022 23:00,1.11E+12,18670512.5,239964.5714,1.235002967,45862.98
05/01/2022 23:00,1.12E+12,18671175,242804.2857,1.187899014,43436.17
06/01/2022 23:00,1.10E+12,18671837.5,240781.5714,1.275552186,43120.63
07/01/2022 23:00,1.09E+12,18672506.25,246079.5714,1.026073361,41528.04
08/01/2022 23:00,1.08E+12,18673168.75,247976.4286,0.929576858,41690.93
09/01/2022 23:00,1.08E+12,18673831.25,252540.7143,1.268167507,41864.44
10/01/2022 23:00,1.10E+12,18674493.75,252991.2857,1.109629532,41849
11/01/2022 23:00,1.08E+12,18675156.25,252959.5714,1.281750259,42723.37
12/01/2022 23:00,1.08E+12,18675818.75,254333.2857,0.950327413,43926
13/01/2022 23:00,1.06E+12,18676481.25,256547.7143,1.151093987,42546.44
14/01/2022 23:00,1.08E+12,18677143.75,258041,0.854830711,43099.37
15/01/2022 23:00,1.09E+12,18677806.25,258899.2857,0.770400749,43146.53
16/01/2022 23:00,1.11E+12,18678475,257670.4286,1.11245905,43102.44
17/01/2022 23:00,1.11E+12,18679137.5,255864.5714,1.210699324,42248.35
18/01/2022 23:00,1.11E+12,18679800,255636.1429,0.998671318,42381.48
19/01/2022 23:00,1.14E+12,18680468.75,255171.8571,1.026111538,41707.85
20/01/2022 23:00,1.13E+12,18681131.25,255381.2857,1.410456358,40684.42
21/01/2022 23:00,1.17E+12,18681793.75,257655.7143,1.371155604,36480.85
22/01/2022 23:00,1.18E+12,18682462.5,255917.8571,0.967822064,35071.43
23/01/2022 23:00,1.18E+12,18683125,257713.7143,1.216134207,36280.82
24/01/2022 23:00,1.19E+12,18683806.25,257723.8571,1.072904243,36678.82
25/01/2022 23:00,1.15E+12,18684468.75,256400.4286,1.240494223,36948.81
26/01/2022 23:00,1.13E+12,18685131.25,254209,1.266465733,36823.5
27/01/2022 23:00,1.05E+12,18685806.25,253103.4286,1.189178156,37146.85
28/01/2022 23:00,1.05E+12,18686475,250352.5714,1.044287523,37770.15
29/01/2022 23:00,1.06E+12,18687143.75,250807.8571,1.048152651,38186.49
30/01/2022 23:00,1.03E+12,18687806.25,249764.7143,1.425218273,37918.62
31/01/2022 23:00,1.02E+12,18688468.75,250887,1.337182006,38521.79
01/02/2022 23:00,9.26E+11,18689131.25,253446.2857,1.19093398,38739.74
02/02/2022 23:00,9.41E+11,18689793.75,254791.8571,1.182716905,36912.68
03/02/2022 23:00,9.48E+11,18690456.25,252411.4286,1.212899862,37092.4
04/02/2022 23:00,9.43E+11,18691118.75,256355.4286,1.428582975,41584.19
05/02/2022 23:00,9.98E+11,18691781.25,258073,1.086566423,41435.43
06/02/2022 23:00,1.02E+12,18692450,257876.4286,1.220094551,42450.98
07/02/2022 23:00,1.04E+12,18693112.5,258428.7143,1.269141734,43834.02
08/02/2022 23:00,1.03E+12,18693775,256545.7143,1.412872821,44133.28
09/02/2022 23:00,9.90E+11,18694437.5,255898.4286,1.389048163,44397.3
10/02/2022 23:00,1.02E+12,18695106.25,257419.7143,1.526755169,43531.11
11/02/2022 23:00,1.09E+12,18695781.25,253068.7143,1.29951369,42401.27
12/02/2022 23:00,1.08E+12,18696443.75,251608.8571,0.90822843,42245.56
13/02/2022 23:00,1.06E+12,18697106.25,249545.7143,1.058443359,42104.89
14/02/2022 23:00,1.09E+12,18697768.75,249084.7143,1.10969056,42580.94
15/02/2022 23:00,1.08E+12,18698431.25,249225.2857,1.062859154,44536.2
16/02/2022 23:00,1.05E+12,18699100,248476.7143,1.072667904,43948.81
17/02/2022 23:00,1.02E+12,18699762.5,248828.1429,1.29643609,40565.69
18/02/2022 23:00,1.05E+12,18700425,247754.4286,1.05174743,40014.55
19/02/2022 23:00,1.07E+12,18701093.75,246548.4286,0.903767639,40115.05
20/02/2022 23:00,1.05E+12,18701756.25,245092.7143,1.303794699,38382.32
21/02/2022 23:00,1.06E+12,18702418.75,243184.4286,1.097987257,37031.08
22/02/2022 23:00,1.09E+12,18703100,240968.2857,1.037381087,38262.17
23/02/2022 23:00,1.10E+12,18703762.5,240763.4286,1.313897364,37291.48
24/02/2022 23:00,1.09E+12,18704425,240661.2857,1.293635224,38344.78
25/02/2022 23:00,1.08E+12,18705087.5,240625.5714,1.16529932,39222.6
26/02/2022 23:00,1.08E+12,18705750,242144,1.020711882,39103.91
27/02/2022 23:00,1.03E+12,18706412.5,246932,1.168961,37704.56
28/02/2022 23:00,1.05E+12,18707075,249841.8571,1.282074519,43226.36
01/03/2022 23:00,1.06E+12,18707737.5,255182.1429,1.522395632,44418.83
02/03/2022 23:00,1.02E+12,18708400,257197.1429,1.270955824,43934.85
03/03/2022 23:00,9.42E+11,18709062.5,257448.7143,1.317418374,42464.4
04/03/2022 23:00,9.24E+11,18709725,258148.4286,1.201288008,39141.25
05/03/2022 23:00,9.42E+11,18710387.5,257570.1429,1.067880191,39399.58
06/03/2022 23:00,9.07E+11,18711056.25,255359.1429,1.180208669,38407.69
07/03/2022 23:00,8.74E+11,18711718.75,251807.2857,1.243527723,38032.5
08/03/2022 23:00,8.25E+11,18712381.25,249542.7143,1.249582333,38753.1
09/03/2022 23:00,8.17E+11,18713043.75,248586.8571,1.281342069,41956.53
10/03/2022 23:00,6.82E+11,18713712.5,247198.5714,1.231351152,39437.89
11/03/2022 23:00,7.48E+11,18714381.25,247173.8571,0.941650609,38741.04
12/03/2022 23:00,7.42E+11,18715043.75,247313.2857,0.893361318,38809.18
14/03/2022 00:00,6.95E+11,18715706.25,247906.2857,1.13007268,37820.39
15/03/2022 00:00,6.91E+11,18716368.75,248964.4286,1.232380086,39680.6
16/03/2022 00:00,6.62E+11,18717031.25,249476.5714,1.212247219,39320.82
17/03/2022 00:00,7.26E+11,18717693.75,251940.4286,1.177280189,41133.08
18/03/2022 00:00,7.10E+11,18718356.25,253216.8571,1.280325049,40946.78
19/03/2022 00:00,7.32E+11,18719018.75,255684.8571,1.035743174,41795.77
20/03/2022 00:00,7.37E+11,18719681.25,256035.5714,0.878539935,42222.32
21/03/2022 00:00,6.69E+11,18720343.75,256081.2857,1.110128346,41250.83
22/03/2022 00:00,6.70E+11,18721006.25,256280,1.114318215,41071.41
23/03/2022 00:00,6.51E+11,18721668.75,254536,1.256502738,42372.67
24/03/2022 00:00,6.69E+11,18722331.25,252277,1.191505336,42905.06
25/03/2022 00:00,6.90E+11,18723000,256477.1429,1.283710718,44004.47
26/03/2022 00:00,6.85E+11,18723662.5,254849.5714,0.922095857,44334.33
27/03/2022 00:00,6.86E+11,18724325,255943.1429,1.090554992,44542.39
28/03/2022 00:00,7.09E+11,18724993.75,257433.1428,1.244156289,46858.53
29/03/2022 00:00,7.19E+11,18725656.25,259318.1432,1.171784066,47115.93
30/03/2022 00:00,6.85E+11,18726318.75,260713.4286,1.321063837,47448.01
31/03/2022 00:00,7.03E+11,18726987.5,263909.2857,1.464323902,47064.16
